invoice_no,order_no,product_sku,product_name,picked_pieces,picked_pieces_pickup
123,AOR2009030012070,OGCSNGGEM00000001,"Gemini Refined Soyabean Oil Pouch, 1ltr",120,120,READY_TO_DISPATCH
123,AOR2009030012070,OGCSNGFOR00000019,"Fortune Refined Soya Bean Oil Pouch, 1 Ltr",320,320,READY_TO_DISPATCH
123,AOR2009030012070,GRSGRSSOI00000012,"Saffola Gold Pouch, 1 Ltr",24,24,READY_TO_DISPATCH
123,POR2006080000175,BNCBNCTOY00000009,Test WMS live,0,0,READY_TO_SHIP
123,POR2006080000175,BNCBNCTOY00000008,TestProduct_2809,18,18,READY_TO_SHIP
123,AOR2009030014519,CNDCNDGPO00000001,Ghadi Detergent Powder 3 kg,0,0,READY_TO_DISPATCH
123,AOR2009030014519,TEABEVTTE00000006,Tata Tea Premium 500Gm,6,6,READY_TO_DISPATCH
123,AOR2009030014519,TEABEVTTE00000005,Tata Tea Premium 1Kg,3,3,READY_TO_DISPATCH
123,AOR2009030014519,OGCSNGPAS00000004,"Paras Ghee Tetra, 1 Ltr",15,15,READY_TO_DISPATCH
123,AOR2009030014519,SCSSNGCAT00000066,"Catch Turmeric Powder Pouch, 200 gms",25,25,READY_TO_DISPATCH
123,AOR2009030014519,HOKHOKFPW00000004,"FENA DETERGENT POWDER, 500 GM FREE SOAP RS-5",50,50,READY_TO_DISPATCH
123,AOR2009030014519,OGCSNGAMU00000004,"Amul Ghee Tetra, 500 ml",4,4,READY_TO_DISPATCH
123,AOR2009030014519,SCSSNGCAT00000069,"Catch Red Chilli Powder, 100 gm",20,20,READY_TO_DISPATCH
123,AOR2009030014519,SCSSNGCAT00000065,"Catch Red Chili Powder Pouch, 200GM",15,15,READY_TO_DISPATCH
123,AOR2009030014519,SCSSNGCAT00000008,"Catch Hing, 25 gm",10,10,READY_TO_DISPATCH
123,AOR2009030014519,SCSSNGCAT00000083,"Catch Hing, 50 gm",10,10,READY_TO_DISPATCH
123,AOR2009030014519,SCSSNGCAT00000085,Catch Red Chilli Powder 500 G Pouch,2,2,READY_TO_DISPATCH
123,AOR2009030014655,OGCSNGMAH00000005,"Mahakosh Soyabean Pouch, 1 Ltr",24,24,READY_TO_DISPATCH
123,AOR2009030014655,PCRPCRCOL00000012,Colgate  Kids 0-2 SINGLE  Toothbrush,6,6,READY_TO_DISPATCH
123,AOR2009030014392,TEABEVTTE00000005,Tata Tea Premium 1Kg,12,12,READY_TO_DISPATCH
123,AOR2009030014392,TEABEVTTE00000006,Tata Tea Premium 500Gm,6,6,READY_TO_DISPATCH
123,AOR2009030014320,FGNSPLNUT00000003,"Nutrela Soya Chunks, 200 gm (Box)",6,6,READY_TO_DISPATCH
123,AOR2009030014320,PLBSNGLDA00000022,"Moong Dhuli Kori,30 kg",1,1,READY_TO_DISPATCH
123,AOR2009030014320,PLBSNGNUT00000005,"Nutrela Soya Mini Chunks, 200 gm + 20 gm Extra (Box)",6,6,READY_TO_DISPATCH
123,AOR2009030014735,OGCSNGAMU00000006,"Amul Ghee Tetra, 1 Ltr",6,6,READY_TO_DISPATCH
123,AOR2009030008121,OGCSNGMAD00000026,"Madhusudan Desi Ghee Jar, 1 Ltr",9,9,READY_TO_DISPATCH
123,AOR2009030008121,PLBSNGLDA00000023,"Moong Chilka, 30 kg",1,1,READY_TO_DISPATCH
123,AOR2009030008121,PLBSNGLDA00000030,"Masoor Sabut, 30 Kg",1,1,READY_TO_DISPATCH
123,AOR2009030008121,PLBSNGLDA00000028,"Malka Masoor Kori, 30 Kg",1,1,READY_TO_DISPATCH
123,AOR2009030013496,PCRPCRVAS00000002,"VASELINE DEEP STORE LOTION, 20ML",0,0,READY_TO_DISPATCH
123,AOR2009030013496,BACSBFPAR00000002,Parle 20 20 Cashew Cookies 70 gm,0,0,READY_TO_DISPATCH
123,AOR2009030013496,CNPPROYLD00000035,"YD Potato Chips Cream-n-Onion, 31 gm",10,10,READY_TO_DISPATCH
123,AOR2009030013496,BDCHPCGNO00000003,"Godrej No.1 Saffron and Milk Cream Soap, 100g (Buy 4 Get 1 Free)",1,1,READY_TO_DISPATCH
123,AOR2009030013496,CNPPROYLD00000011,"YD Potato Chips Spicy Treat, 13 gm + 2.6 gm extra",14,14,READY_TO_DISPATCH
123,AOR2009030013496,BDCHPCBOR00000002,Boroplus Ointment 6 Ml pouch,15,15,READY_TO_DISPATCH
123,AOR2009030013496,PCRPCRHNC00000003,"Hair & Care Fruit Oils Green, 50 ml",3,3,READY_TO_DISPATCH
123,AOR2009030013496,CNPPROYLD00000010,"YD Potato Chips Magic Masala, 15 gm",1,1,READY_TO_DISPATCH
123,AOR2009030013496,THPDCRCOL00000015,"Colgate Strong Teeth,18 gm",12,12,READY_TO_DISPATCH
123,AOR2009030013496,CNNSBFLAY00000010,Lays  Potato Chips - Spanish Tomato Tango - 55 gm  Pack,0,0,READY_TO_DISPATCH
123,AOR2009030013496,BDCHPCHIM00000002,"Himalaya Lip Balm, 10 gm",2,2,READY_TO_DISPATCH
123,AOR2009030013496,BTSBDCLUX00000030,"Lux Jasmine Bloom Soap, 100 gm",6,6,READY_TO_DISPATCH
123,AOR2009030013496,THBDCRCOL00000034,Colgate Super Flexi SOFT SINGLE Toothbrush (12 Super Flexi + 1 Charcoal Free),12,12,READY_TO_DISPATCH
123,AOR2009030013496,GRSGRSUTS00000001,"Uttam Sulphurless Sugar, 5Kg",2,2,READY_TO_DISPATCH
123,AOR2009030013496,BTSBDCVIV00000001,Vivel Aloe Vera 63gm,10,10,READY_TO_DISPATCH
123,AOR2009030013496,BACSBFPRI00000013,Priyagold Snacks Zig Zag Biscuit 75gm,0,0,READY_TO_DISPATCH
123,AOR2009030013496,NKMSNKCRX00000025,CRAX NAV RATTAN (Mrp 5),24,24,READY_TO_DISPATCH
123,AOR2009030013496,SASPROMOR00000019,Morton Tomato Ketchup ( N.P ) 200 gm,2,2,READY_TO_DISPATCH
123,AOR2009030013496,PLBSNGLOC00000037,ECO CHANA DAL 1 KG,2,2,READY_TO_DISPATCH
123,AOR2009030014815,IFDPROAMU00000004,"Amulspray Infant Powder Tin, 500 Gm",9,9,READY_TO_DISPATCH
123,AOR2009030014815,IFDPROAMU00000003,"Amulspray Infant Powder Tin, 1 Kg",6,6,READY_TO_DISPATCH
123,AOR2009030014714,SCAWHGSTF00000008,Stayfree Secure Cottony Extra Lagre 6N,6,6,READY_TO_DISPATCH
123,AOR2009030014714,SCAWHGSTF00000006,"Stayfree secure cottony ,soft cover Regular , 7 S",6,6,READY_TO_DISPATCH
123,AOR2009030014714,BREBREEVD00000001,"EVERYDAY Dairy Whitner Powder, 20gm",12,12,READY_TO_DISPATCH
123,AOR2009030014714,DTPDGTGPO00000004,"GHADI DETERGENT POWDER, 135 GM",12,12,READY_TO_DISPATCH
123,AOR2009030014714,HOKHOKGPO00000002,"GHARI DETERGENT POWDER, 500 GM",5,5,READY_TO_DISPATCH
123,AOR2009030014714,ALFSNGAAS00000002,"Aashirvaad Shudh Chakki Atta, 10 Kg",5,5,READY_TO_DISPATCH
123,AOR2009030014741,NDPPROMAG00000023,"MAGGI 2-MIN Masala Noodles, 420gm",6,6,READY_TO_DISPATCH
123,AOR2009030014741,TNCPDMNCF00000002,"Nescafe Classic Dawn Jar, 50 gm",2,2,READY_TO_DISPATCH
123,AOR2009030014741,SCSSNGCAT00000086,Catch Dal Makhani Masala 100 gm,2,2,READY_TO_DISPATCH
123,AOR2009030014741,BREBREEVD00000001,"EVERYDAY Dairy Whitner Powder, 20gm",12,12,READY_TO_DISPATCH
123,AOR2009030014741,HOKHOKGGN00000001,Good knight Advanced Fast Card,10,10,READY_TO_DISPATCH
123,AOR2009030014741,OGCSNGFOR00000019,"Fortune Refined Soya Bean Oil Pouch, 1 Ltr",16,16,READY_TO_DISPATCH
123,AOR2009030014779,OGCSNGMOT00000008,"Moti Mustard Oil Pouch, 1 Ltr",24,24,READY_TO_SHIP
123,AOR2009030013834,RGRSNGFOR00000005,"Fortune Rozana Basmati Rice, 1 kg",18,18,READY_TO_SHIP
123,AOR2009030013834,SSJSNGTSL00000003,"Tata Salt,1 kg Mrp 21",50,50,READY_TO_SHIP
123,AOR2009030013834,BEVBEVTAZ00000005,"Taaza Tea, 15 gm",30,30,READY_TO_SHIP
123,AOR2009030013834,PCRPCRBAD00000004,"Bajaj Almond Drop Oil, 50 ml",4,4,READY_TO_SHIP
123,AOR2009030014828,IFDPROAMU00000004,"Amulspray Infant Powder Tin, 500 Gm",24,24,READY_TO_DISPATCH
123,AOR2009030014856,BEVBEVMDE00000010,"Mountain Dew, 2.25 Ltr",9,9,READY_TO_DISPATCH
123,AOR2009030014856,CBDBNCLIM00000002,"Limca, 2 Ltr",9,9,READY_TO_DISPATCH
123,AOR2009030014856,BEVBEVCOC00000011,"Coke, 750 ml",24,24,READY_TO_DISPATCH
123,AOR2009030014856,CBDBNCTHU00000001,"Thums Up, 2 Ltr",9,9,READY_TO_DISPATCH
123,AOR2009030014839,OGCSNGFOR00000019,"Fortune Refined Soya Bean Oil Pouch, 1 Ltr",32,32,READY_TO_DISPATCH
123,AOR2009030014742,OGCSNGNFS00000001,"Nature Fresh Refined Soyabean Oil Pouch, 1Ltr",12,12,READY_TO_DISPATCH
123,AOR2009030014742,OGCSNGFOR00000046,"Fortune Kachi Ghani Mustard Pet, 1 Ltr",12,12,READY_TO_DISPATCH
123,AOR2009030014742,OGCSNGFOR00000019,"Fortune Refined Soya Bean Oil Pouch, 1 Ltr",16,16,READY_TO_DISPATCH
123,AOR2009030014605,CHCCNFPRI00000001,Priyagold Hunk Pouch,6,6,READY_TO_DISPATCH
123,AOR2009030014605,HROHARDAM00000007,"Dabur Amla Hair Oil, 50 ml",6,6,READY_TO_DISPATCH
123,AOR2009030014605,LBCLQCGPH00000012,"Gainda Napthalene Balls, 100 gm",6,6,READY_TO_DISPATCH
123,AOR2009030014605,CHOBNCFIV00000004,Cadbury Five Star Chocolate Home Pack 200 gm,1,1,READY_TO_DISPATCH
123,AOR2009030014605,ALFSNGAAS00000002,"Aashirvaad Shudh Chakki Atta, 10 Kg",5,5,READY_TO_DISPATCH
123,AOR2009030014261,PKPPROMTR00000004,MTR 3 Minute Breakfast Vegetable Upma Pouch 60 gm,0,0,READY_TO_DISPATCH
123,AOR2009030014261,BFDSNGAMU00000004,"Amul Fresh Cream Tetra, 250 mL",0,0,READY_TO_DISPATCH
123,AOR2009030014261,HOKHOKGPO00000002,"GHARI DETERGENT POWDER, 500 GM",6,6,READY_TO_DISPATCH
123,AOR2009030014261,HOKHOKGGN00000001,Good knight Advanced Fast Card,12,12,READY_TO_DISPATCH
123,AOR2009030014261,WHGHPCSTF00000002,Stayfree Secure Ultra 10's,2,2,READY_TO_DISPATCH
123,AOR2009030014261,BEVBEVBOO00000006,Boomer Watermelon Jelly Chewing Gum Big Jar (184 pcs+8 Pcs Free),0,0,READY_TO_DISPATCH
123,AOR2009030014261,BEVBEVTHU00000011,"Thums Up, 750 ml",24,24,READY_TO_DISPATCH
123,AOR2009030014261,BKDPROTIL00000002,Suji Rusk 400 Gm,0,0,READY_TO_DISPATCH
123,AOR2009030014261,SCSSNGCAT00000069,"Catch Red Chilli Powder, 100 gm",10,10,READY_TO_DISPATCH
123,AOR2009030014261,OGCSNGMAD00000028,"Madhusudan Desi Ghee Tetra, 500 mL",2,2,READY_TO_DISPATCH
123,AOR2009030014261,NDPPROPAT00000001,Patanjali Atta Noodles Classic 60 gm,12,12,READY_TO_DISPATCH
123,AOR2009030014261,BEVBEVCOC00000011,"Coke, 750 ml",24,24,READY_TO_DISPATCH
123,AOR2009030014797,SSJSNGTSL00000003,"Tata Salt,1 kg Mrp 21",150,150,READY_TO_DISPATCH
123,AOR2009030012098,BSCBSCYIP00000003,"ITC Yippee Magic Masala Noodles, 60gm",480,480,READY_TO_DISPATCH
123,AOR2009030014893,OGCSNGMAD00000033,"Madhusudan Desi Ghee ,  200 mL Jar",6,6,READY_TO_SHIP
123,AOR2009030014893,IFDPROAMU00000004,"Amulspray Infant Powder Tin, 500 Gm",3,3,READY_TO_SHIP
123,AOR2009030014893,THBDCRCOL00000037,Colgate Zig Zag Anti-Bacterial 6 pc hanger Medium 6+1,6,6,READY_TO_SHIP
123,AOR2009030014893,THPDCRCOL00000012,"Colgate Maxfresh Blue Toothpaste, 150gm",2,2,READY_TO_SHIP
123,AOR2009030014893,OGCSNGMAD00000031,"Madhusudan Pure Ghee Poly, 500 mL",0,0,READY_TO_SHIP
123,AOR2009030014891,BSCBSCYIP00000003,"ITC Yippee Magic Masala Noodles, 60gm",24,24,READY_TO_SHIP
123,AOR2009030014891,OGCSNGPAT00000008,"Patanjali Cow Ghee Tetra, 1Ltr + Patanjali Sabji Masala, 100 gm FREE",6,6,READY_TO_SHIP
123,AOR2009030014891,IFDPROAMU00000004,"Amulspray Infant Powder Tin, 500 Gm",6,6,READY_TO_SHIP
123,AOR2009030009920,BKDPROTOP00000025,TOPS SNACKMIX KHAMAN DHOKLA 200G,1,1,READY_TO_DISPATCH
123,AOR2009030009920,BFDSNGAMU00000004,"Amul Fresh Cream Tetra, 250 mL",1,1,READY_TO_DISPATCH
123,AOR2009030009920,BICPROBAK00000040,Bakkii Badam Bite 200 g,1,1,READY_TO_DISPATCH
123,AOR2009030009920,PKPPROFNF00000012,Funfoods Sandwich Spread Thousnd Island EL 300g,1,1,READY_TO_DISPATCH
123,AOR2009030009920,PCRPCRGEX00000001,Godrej Expert Rich Creme Hair Colour Natural Black (1.00),6,6,READY_TO_DISPATCH
123,AOR2009030009920,BDCHPCGNO00000003,"Godrej No.1 Saffron and Milk Cream Soap, 100g (Buy 4 Get 1 Free)",2,2,READY_TO_DISPATCH
123,AOR2009030009920,BEVBEVMDE00000012,"Mountain Dew, 750 ml",24,24,READY_TO_DISPATCH
123,AOR2009030009920,OGCSNGMAA00000002,"Maanik Soya Bean Refined Oil Pouch,1 Ltr",72,72,READY_TO_DISPATCH
123,AOR2009030009920,OGCSNGFOR00000019,"Fortune Refined Soya Bean Oil Pouch, 1 Ltr",16,16,READY_TO_DISPATCH
123,AOR2009030009920,SSJSNGLOC00000010,"Eco Refined Sugar, 2 Kg",5,5,READY_TO_DISPATCH
123,AOR2009030009920,OGCSNGMAA00000003,"Maanik Soya Bean Refined, 500 ml (pouch)",24,24,READY_TO_DISPATCH
123,AOR2009030009920,BICPROBAK00000041,Bakkii Kaju Pista 200 g,2,2,READY_TO_DISPATCH
123,AOR2009030009920,SASPROMOR00000019,Morton Tomato Ketchup ( N.P ) 200 gm,2,2,READY_TO_DISPATCH
123,AOR2009030009920,BICPROPRI00000003,Priyagold Butter Lite Jeera75G,30,30,READY_TO_DISPATCH
123,AOR2009030009920,BICPROPRI00000009,Priyagold Choco Chekkers,5,5,READY_TO_DISPATCH
123,AOR2009030009920,GRSGRSUTS00000001,"Uttam Sulphurless Sugar, 5Kg",1,1,READY_TO_DISPATCH
123,AOR2009030009920,BTSBDCLUX00000030,"Lux Jasmine Bloom Soap, 100 gm",6,6,READY_TO_DISPATCH
123,AOR2009030009920,PKPPROSMJ00000001,"Smith & Jones Ginger Garlic Paste, 25 gm",4,4,READY_TO_DISPATCH
123,AOR2009030009920,BICPROBAK00000039,Bakkii Dry Fruit Delight 200 g,1,1,READY_TO_DISPATCH
123,AOR2009030009920,BACSBFPRI00000013,Priyagold Snacks Zig Zag Biscuit 75gm,0,0,READY_TO_DISPATCH
123,AOR2009030009920,SNGSNGPBS00000004,"PAN Poha, 500 gm",3,3,READY_TO_DISPATCH
123,AOR2009030009920,HOKHOKGGN00000001,Good knight Advanced Fast Card,10,10,READY_TO_DISPATCH
123,AOR2009030009920,BICPROANL00000022,Anmol Hit & Run 100Gm,20,20,READY_TO_DISPATCH
123,AOR2009030014116,BEVBEVDIE00000001,"Diet Coke - CAN, 300ML",24,24,READY_TO_DISPATCH
123,AOR2009030014116,OGCSNGFOR00000046,"Fortune Kachi Ghani Mustard Pet, 1 Ltr",12,12,READY_TO_DISPATCH
123,AOR2009030014843,BFDSNGAMU00000003,"Amul Fresh Cream Tetra, 1 Ltr",180,180,READY_TO_DISPATCH
123,AOR2009030014636,OGCSNGFOR00000046,"Fortune Kachi Ghani Mustard Pet, 1 Ltr",36,36,READY_TO_DISPATCH
123,AOR2009030014636,OGCSNGNFS00000001,"Nature Fresh Refined Soyabean Oil Pouch, 1Ltr",36,36,READY_TO_DISPATCH
123,AOR2009030014044,OGCSNGMAD00000023,"Madhusudan Desi Ghee Tetra, 1 Ltr",6,6,READY_TO_DISPATCH
123,AOR2009030014044,OGCSNGFOR00000019,"Fortune Refined Soya Bean Oil Pouch, 1 Ltr",32,32,READY_TO_DISPATCH
123,AOR2009030013549,OGCSNGFOR00000019,"Fortune Refined Soya Bean Oil Pouch, 1 Ltr",16,16,READY_TO_DISPATCH
123,AOR2009030013549,HARHPCHNS00000001,"H&S Shampoo Smooth & Silky, 8.5ml + Conditioner 9ml",32,32,READY_TO_DISPATCH
123,AOR2009030013549,TNCPDMNCF00000002,"Nescafe Classic Dawn Jar, 50 gm",2,2,READY_TO_DISPATCH
123,AOR2009030013549,HARHPCHNS00000002,"H&S Shampoo Silky Black, 8.5ml + Conditioner 9ml",32,32,READY_TO_DISPATCH
123,AOR2009030014591,OGCSNGMAD00000032,Madhusudan Desi Ghee Poly pack 1 Ltr,6,6,READY_TO_DISPATCH
123,AOR2009030014591,PLBSNGLOC00000049,ECO MOONG DHULI 1 KG,10,10,READY_TO_DISPATCH
123,AOR2009030013425,GRSGRSUTS00000001,"Uttam Sulphurless Sugar, 5Kg",5,5,READY_TO_DISPATCH
123,AOR2009030013425,SSJSNGMDR00000002,"Madhur Pure & Hygienic Sugar, 5 Kg",4,4,READY_TO_DISPATCH
123,AOR2009030014847,BEVBEVTHU00000011,"Thums Up, 750 ml",24,24,READY_TO_DISPATCH
123,AOR2009030014847,OGCSNGAMU00000010,"Amul Ghee Tetra, 1 Ltr",2,2,READY_TO_DISPATCH
123,AOR2009030014847,BEVBEVMIR00000006,"Mirinda, 2.25 Ltr",9,9,READY_TO_DISPATCH
123,AOR2009030013985,PLBSNGLDA00000028,"Malka Masoor Kori, 30 Kg",1,1,READY_TO_DISPATCH
123,AOR2009030013985,PLBSNGLDA00000030,"Masoor Sabut, 30 Kg",1,1,READY_TO_DISPATCH
123,AOR2009030013428,OGCSNGRUG00000002,"Ruchi Gold Palm Oil, 1 Litre",10,10,READY_TO_DISPATCH
123,AOR2009030013428,PLBSNGLOC00000045,ECO MASOOR MALKA 1 KG,5,5,READY_TO_DISPATCH
123,AOR2009030013428,SSJSNGLOC00000011,"Eco Refined Sugar, 1 Kg",10,10,READY_TO_DISPATCH
123,AOR2009030013428,RGRSNGFOR00000005,"Fortune Rozana Basmati Rice, 1 kg",5,5,READY_TO_DISPATCH
123,AOR2009030013428,PLBSNGLOC00000036,ECO ARHAR DAL 500 GM,5,5,READY_TO_DISPATCH
123,AOR2009030013428,PLBSNGLOC00000050,ECO MOONG DHULI 500 GM,5,5,READY_TO_DISPATCH
123,AOR2009030013428,PLBSNGLOC00000046,ECO MASOOR MALKA 500 GM,5,5,READY_TO_DISPATCH
123,AOR2009030013428,PLBSNGLOC00000049,ECO MOONG DHULI 1 KG,5,5,READY_TO_DISPATCH
123,AOR2009030014845,BFDSNGAMU00000003,"Amul Fresh Cream Tetra, 1 Ltr",60,60,READY_TO_DISPATCH
123,AOR2009030013601,ALFSNGAAS00000002,"Aashirvaad Shudh Chakki Atta, 10 Kg",10,10,READY_TO_DISPATCH
123,AOR2009030013601,BSOBGMJJJ00000003,"JohnsonS Baby Soap, 150 gm",3,3,READY_TO_DISPATCH
123,AOR2009030014873,OGCSNGMAH00000005,"Mahakosh Soyabean Pouch, 1 Ltr",60,60,READY_TO_SHIP
123,DOR2009030000125,OGCSNGMAH00000007,"Mahakosh Soyabean Pouch, 1 Ltr",300,300,READY_TO_DISPATCH
123,AOR2009030014794,SSJSNGTSL00000003,"Tata Salt,1 kg Mrp 21",100,100,READY_TO_SHIP
123,AOR2009030014794,CNNSBFLAY00000010,Lays  Potato Chips - Spanish Tomato Tango - 55 gm  Pack,0,0,READY_TO_SHIP
123,AOR2009030014794,OGCSNGMOT00000008,"Moti Mustard Oil Pouch, 1 Ltr",24,24,READY_TO_SHIP
123,AOR2009030013944,BEVBEVMDE00000012,"Mountain Dew, 750 ml",24,24,READY_TO_DISPATCH
123,AOR2009030013944,BEVBEVTRO00000007,"Tropicana - Mixed Fruit Delight Fruit Juice, 200ml",29,29,READY_TO_DISPATCH
123,AOR2009030013944,GRSGRSMDH00000009,"MDH Jeera Pwd, 100G",2,2,READY_TO_DISPATCH
123,AOR2009030013944,SCSSNGMDH00000001,"MDH Pav Bhaji Masala, 100 gm",4,4,READY_TO_DISPATCH
123,AOR2009030013944,BBPBGMJNJ00000007,"JohnsonS Baby Powder, 200 gm",2,2,READY_TO_DISPATCH
123,AOR2009030013944,PROPROMAG00000003,Maggi Pazzta Masala,4,4,READY_TO_DISPATCH
123,AOR2009030013944,HPCHPCDOV00000003,"Dove Daily Shine Conditioner Sachet, 7 ml",48,48,READY_TO_DISPATCH
123,AOR2009030013944,HOKHOKFCK00000001,"FENA DETERGENT CAKE, 95 GM",30,30,READY_TO_DISPATCH
123,AOR2009030013944,BTSBDCDET00000005,"Dettol Soap Skincare, 75 gm",6,6,READY_TO_DISPATCH
123,AOR2009030013944,BICPROUNI00000016,"Unibic Cookies -Milk Cookies, 60g",0,0,READY_TO_DISPATCH
123,AOR2009030013944,BICPROUNI00000008,"Unibic Cookies - Honey Oatmeal cookies, 37.5g",12,12,READY_TO_DISPATCH
123,AOR2009030014894,ALFSNGAAS00000002,"Aashirvaad Shudh Chakki Atta, 10 Kg",10,10,READY_TO_DISPATCH
123,AOR2009030014894,PLBSNGNUT00000005,"Nutrela Soya Mini Chunks, 200 gm + 20 gm Extra (Box)",36,36,READY_TO_DISPATCH
123,AOR2009030014729,PLBSNGLDA00000018,"Chana Dal Dry, 30 Kg",0,0,READY_TO_DISPATCH
123,AOR2009030014729,OGCSNGMAH00000005,"Mahakosh Soyabean Pouch, 1 Ltr",12,12,READY_TO_DISPATCH
123,AOR2009030014876,BEVBEVDIE00000001,"Diet Coke - CAN, 300ML",24,24,READY_TO_DISPATCH
123,AOR2009030014876,BEVBEVCOC00000011,"Coke, 750 ml",120,120,READY_TO_DISPATCH
123,AOR2009030014876,HOKHOKGPO00000002,"GHARI DETERGENT POWDER, 500 GM",40,40,READY_TO_DISPATCH
123,AOR2009030014876,SSJSNGLOC00000010,"Eco Refined Sugar, 2 Kg",5,5,READY_TO_DISPATCH
123,AOR2009030014876,BEVBEVSPR00000011,"Sprite, 750 ml",48,48,READY_TO_DISPATCH
123,AOR2009030014876,BEVBEVCOC00000001,"Coke - CAN, 300 ml ",24,24,READY_TO_DISPATCH
123,AOR2009030014876,BEVBEVTHU00000011,"Thums Up, 750 ml",120,120,READY_TO_DISPATCH
123,AOR2009030014760,CNDCNDGPO00000001,Ghadi Detergent Powder 3 kg,0,0,READY_TO_DISPATCH
123,AOR2009030014760,HOKHOKGPO00000002,"GHARI DETERGENT POWDER, 500 GM",10,10,READY_TO_DISPATCH
123,AOR2009030014760,HOKHOKGCK00000002,"GHARI DETERGENT CAKE, 190 GM",15,15,READY_TO_DISPATCH
123,AOR2009030014760,DTBDGTGHD00000003,Ghadi Detergent Cake 300 Gm,10,10,READY_TO_DISPATCH
123,AOR2009030014760,HOKHOKGPO00000003,"GHARI DETERGENT PODWER, 140 GM",10,10,READY_TO_DISPATCH
123,AOR2009030014760,LBCLQCGPH00000013,"Gainda Napthalene Balls, 200 gm",10,10,READY_TO_DISPATCH
123,AOR2009030014760,LBCLQCGPH00000012,"Gainda Napthalene Balls, 100 gm",15,15,READY_TO_DISPATCH
123,AOR2009030014866,OGCSNGFOR00000019,"Fortune Refined Soya Bean Oil Pouch, 1 Ltr",320,320,READY_TO_DISPATCH
123,AOR2009030013845,PKPPROFNF00000029,Funfoods Peanut Butter Crunchy 925g,0,0,READY_TO_DISPATCH
123,AOR2009030013845,BNCBNCTRO00000004,Tropicana Litchi Juice 500 ml,24,24,READY_TO_DISPATCH
123,AOR2009030013845,BNCBNCTRO00000002,Tropicanan Mix Fruit Juice 500 ml,24,24,READY_TO_DISPATCH
123,AOR2009030013845,CNPPROYLD00000010,"YD Potato Chips Magic Masala, 15 gm",0,0,READY_TO_DISPATCH
123,AOR2009030013845,OGCSNGMAA00000002,"Maanik Soya Bean Refined Oil Pouch,1 Ltr",12,12,READY_TO_DISPATCH
123,AOR2009030014813,OGCSNGMAD00000030,"Madhusudan Desi Ghee Jar, 1 Ltr",1,1,READY_TO_SHIP
123,AOR2009030014813,OGCSNGMAD00000032,Madhusudan Desi Ghee Poly pack 1 Ltr,4,4,READY_TO_SHIP
123,AOR2009030014813,OGCSNGMAD00000023,"Madhusudan Desi Ghee Tetra, 1 Ltr",2,2,READY_TO_SHIP
123,AOR2009030014813,OGCSNGMAD00000028,"Madhusudan Desi Ghee Tetra, 500 mL",4,4,READY_TO_SHIP
123,AOR2009030014813,OGCSNGMAD00000031,"Madhusudan Pure Ghee Poly, 500 mL",0,0,READY_TO_SHIP
123,AOR2009030014813,OGCSNGMAD00000033,"Madhusudan Desi Ghee ,  200 mL Jar",12,12,READY_TO_SHIP
123,AOR2009030012121,ALFSNGAAS00000002,"Aashirvaad Shudh Chakki Atta, 10 Kg",5,5,READY_TO_DISPATCH
123,AOR2009030012121,NKMPROBIK00000012,Bikano Khatta Meetha 400 gm,2,2,READY_TO_DISPATCH
123,AOR2009030012121,SASPROMOR00000002,Morton Tomato Ketchup Pouch 1Kg,3,3,READY_TO_DISPATCH
123,AOR2009030012121,BFDSNGAMU00000003,"Amul Fresh Cream Tetra, 1 Ltr",1,1,READY_TO_DISPATCH
123,AOR2009030014869,HOKHOKGPO00000003,"GHARI DETERGENT PODWER, 140 GM",24,24,READY_TO_DISPATCH
123,AOR2009030014869,HOKHOKGCK00000002,"GHARI DETERGENT CAKE, 190 GM",24,24,READY_TO_DISPATCH
123,AOR2009030014869,OGCSNGFOR00000019,"Fortune Refined Soya Bean Oil Pouch, 1 Ltr",16,16,READY_TO_DISPATCH
123,AOR2009030014809,BKDPROTOP00000008,TOPS DESSERTMIX CUS BTRSCT 100G,0,0,READY_TO_DISPATCH
123,AOR2009030014809,PLBSNGNUT00000002,"Nutrela Soya Bari Mini Chunks, 45 gm + 20% Extra Free",12,12,READY_TO_DISPATCH
123,AOR2009030014809,TNCPDMNCF00000002,"Nescafe Classic Dawn Jar, 50 gm",6,6,READY_TO_DISPATCH
123,AOR2009030014809,BFDSNGRAJ00000005,"Rajdhani Dalia, 1 kg",5,5,READY_TO_DISPATCH
123,AOR2009030014809,PKPPROTOP00000108,"Tops Dessertmix Vanila Favour, 100G 30% Extra",6,6,READY_TO_DISPATCH
123,AOR2009030014809,FGNSPLNUT00000003,"Nutrela Soya Chunks, 200 gm (Box)",6,6,READY_TO_DISPATCH
123,AOR2009030014809,PLBSNGNUT00000005,"Nutrela Soya Mini Chunks, 200 gm + 20 gm Extra (Box)",12,12,READY_TO_DISPATCH
123,AOR2009030014808,OGCSNGMAA00000003,"Maanik Soya Bean Refined, 500 ml (pouch)",24,24,READY_TO_SHIP
123,AOR2009030014808,NDPPROMAG00000023,"MAGGI 2-MIN Masala Noodles, 420gm",4,4,READY_TO_SHIP
123,AOR2009030014808,PROPROMAG00000010,Maggi 2 Minutes Masala Noodles 560Gm,2,2,READY_TO_SHIP
123,AOR2009030014808,OGCSNGMAA00000002,"Maanik Soya Bean Refined Oil Pouch,1 Ltr",24,24,READY_TO_SHIP
123,BOR2009030000189,JMTBNCAMU00000001,"Amul Masti Buttermilk, 200 ml",60,60,READY_TO_SHIP
123,BOR2009030000189,BFDSNGAMU00000003,"Amul Fresh Cream Tetra, 1 Ltr",10,10,READY_TO_SHIP
123,BOR2009030000189,BFDSNGAMU00000024,Amul Moti Homogenised Toned Milk 450Ml,24,24,READY_TO_SHIP
123,BOR2009030000189,BRDBRDAMU00000010,Amul Cheese Spread 180 Gm,48,48,READY_TO_SHIP
123,BOR2009030000189,BFDSNGAMU00000006,Amul Butter 500 gm,60,60,READY_TO_SHIP
123,AOR2009030014763,PLBSNGLDA00000029,"Masoor Dal, 30 Kg",1,1,READY_TO_DISPATCH
123,AOR2009030014763,RGRSNGIND00000019,"India Gate Mini Mogra-II, 10 Kg",2,2,READY_TO_DISPATCH
123,AOR2009030009577,SCSSNGMDH00000024,MDH Chicken Masala 100 gm,6,6,READY_TO_DISPATCH
123,AOR2009030009577,GRSGRSSOI00000012,"Saffola Gold Pouch, 1 Ltr",6,6,READY_TO_DISPATCH
123,AOR2009030009577,ALFSNGAAS00000003,"Aashirvaad Sudh Chakki Atta, 5 Kg",0,0,READY_TO_DISPATCH
123,AOR2009030014861,PLBSNGNUT00000002,"Nutrela Soya Bari Mini Chunks, 45 gm + 20% Extra Free",12,12,READY_TO_DISPATCH
123,AOR2009030014861,FGNSPLNUT00000003,"Nutrela Soya Chunks, 200 gm (Box)",3,3,READY_TO_DISPATCH
123,AOR2009030014861,BFDSNGMOH00000006,"Mohuns Museli F & N, 425 gm",3,3,READY_TO_DISPATCH
123,AOR2009030014861,CBDBNCTHU00000001,"Thums Up, 2 Ltr",9,9,READY_TO_DISPATCH
123,AOR2009030014861,JMTBNCMAZ00000003,Maaza Mango Drink Pet Bottle 600 ml,24,24,READY_TO_DISPATCH
123,AOR2009030014861,BFDSNGMOH00000004,"Mohuns Cornflakes Poly Bag, 900+90 gm",2,2,READY_TO_DISPATCH
123,AOR2009030014861,BFDSNGMOH00000001,"Mohuns Cornflakes Poly Bag, 500 gm",6,6,READY_TO_DISPATCH
123,AOR2009030014861,PLBSNGNUT00000005,"Nutrela Soya Mini Chunks, 200 gm + 20 gm Extra (Box)",6,6,READY_TO_DISPATCH
123,AOR2009030014861,PLBSNGNUT00000001,"Nutrela Soya Bari Chunks, 45 gm +20% Extra free",12,12,READY_TO_DISPATCH
123,AOR2009030014759,HPCHPCPAR00000010,Park Avenue Eternity Good Morning Perfume 50Ml,1,1,READY_TO_DISPATCH
123,AOR2009030014759,OGCSNGFOR00000019,"Fortune Refined Soya Bean Oil Pouch, 1 Ltr",16,16,READY_TO_DISPATCH
123,AOR2009030014759,PCRPCRCOL00000032,PARK AVENUE SOAP GOOD MORNING 125g,2,2,READY_TO_DISPATCH
123,AOR2009030014759,HPCHPCPAR00000044,Park Avenue Buy 3 Get 1 Free ,1,1,READY_TO_DISPATCH
123,AOR2009030014759,BSCBSCYIP00000003,"ITC Yippee Magic Masala Noodles, 60gm",96,96,READY_TO_DISPATCH
123,AOR2009030014806,OGCSNGMAA00000002,"Maanik Soya Bean Refined Oil Pouch,1 Ltr",24,24,READY_TO_SHIP
123,AOR2009030014751,OGCSNGMAD00000033,"Madhusudan Desi Ghee ,  200 mL Jar",6,6,READY_TO_DISPATCH
123,AOR2009030014751,OGCSNGRUG00000002,"Ruchi Gold Palm Oil, 1 Litre",50,50,READY_TO_DISPATCH
123,AOR2009030014751,OGCSNGFOR00000019,"Fortune Refined Soya Bean Oil Pouch, 1 Ltr",32,32,READY_TO_DISPATCH
123,AOR2009030014138,OGCSNGMFD00000001,"MilkFood Pure Ghee Tetra, 1 Ltr",2,2,READY_TO_DISPATCH
123,AOR2009030014138,BICPROBAK00000034,Bakkii Atta Cookies 200 g,1,1,READY_TO_DISPATCH
123,AOR2009030014138,HOKHOKGPO00000002,"GHARI DETERGENT POWDER, 500 GM",6,6,READY_TO_DISPATCH
123,AOR2009030014138,BSCBSCUNI00000002,Unibic -Orange Milk Cookies 100 gm,0,0,READY_TO_DISPATCH
123,AOR2009030014138,OGCSNGMDG00000017,"Mother Dairy Ghee Desi Tetra, 1 Ltr",3,3,READY_TO_DISPATCH
123,AOR2009030014138,LQDBVRKIN00000004,Kinley Water 1 Ltr PET X12,12,12,READY_TO_DISPATCH
123,AOR2009030014138,BICPROBAK00000001,Bakkii Attta Cookies 300 g,1,1,READY_TO_DISPATCH
123,AOR2009030014138,BSCBSCUNI00000001,Unibic -Cashew Badam Cookies 100 gm,0,0,READY_TO_DISPATCH
123,AOR2009030014862,SSJSNGBAJ00000001,Loose Single Refined Sugar 50 Kg,2,2,READY_TO_DISPATCH
123,AOR2009030014862,RGRSNGIND00000026,"India Gate Dubar, 1KG",6,6,READY_TO_DISPATCH
123,AOR2009030014862,SASPROMOR00000005,Morton Tomato Puree 450 Gm,6,6,READY_TO_DISPATCH
123,AOR2009030014862,RGRSNGIND00000027,India Gate Basmati Classic 1 kg,3,3,READY_TO_DISPATCH
123,AOR2009030014862,RGRSNGIND00000017,"India Gate Rozaana, 1KG",6,6,READY_TO_DISPATCH
123,AOR2009030014862,OGCSNGGOW00000003,"Gowardhan Pure Cow Ghee Jar, 1 Ltr",2,2,READY_TO_DISPATCH
123,AOR2009030014862,PLBSNGLDA00000019,"Kala Chana Filter, 30 Kg",1,1,READY_TO_DISPATCH
123,AOR2009030014858,BEVBEVTHU00000011,"Thums Up, 750 ml",24,24,READY_TO_DISPATCH
123,AOR2009030014858,BEVBEVCOC00000011,"Coke, 750 ml",24,24,READY_TO_DISPATCH
123,AOR2009030014858,BEVBEVMDE00000010,"Mountain Dew, 2.25 Ltr",9,9,READY_TO_DISPATCH
123,AOR2009030014858,BEVBEVMDE00000012,"Mountain Dew, 750 ml",24,24,READY_TO_DISPATCH
123,AOR2009030014865,OGCSNGMAD00000023,"Madhusudan Desi Ghee Tetra, 1 Ltr",2,2,READY_TO_DISPATCH
123,AOR2009030014865,OGCSNGMDG00000017,"Mother Dairy Ghee Desi Tetra, 1 Ltr",3,3,READY_TO_DISPATCH
123,AOR2009030014865,OGCSNGPAS00000004,"Paras Ghee Tetra, 1 Ltr",3,3,READY_TO_DISPATCH
123,AOR2009030014865,SCSSNGCAT00000069,"Catch Red Chilli Powder, 100 gm",20,20,READY_TO_DISPATCH
123,AOR2009030014865,PCRPCRVAS00000002,"VASELINE DEEP STORE LOTION, 20ML",0,0,READY_TO_DISPATCH
123,AOR2009030014865,HFWBDCDET00000008,Dettol Liquid Handwash Original 175 ml,6,6,READY_TO_DISPATCH
123,AOR2009030014865,PCRPCRBAD00000004,"Bajaj Almond Drop Oil, 50 ml",10,10,READY_TO_DISPATCH
123,AOR2009030014865,SNGSNGPAS00000002,"Paras Ghee Tetra, 500 ml",3,3,READY_TO_DISPATCH
123,AOR2009030014865,OGCSNGMAD00000028,"Madhusudan Desi Ghee Tetra, 500 mL",3,3,READY_TO_DISPATCH
123,AOR2009030014770,SSJSNGTSL00000003,"Tata Salt,1 kg Mrp 21",50,50,READY_TO_SHIP
123,AOR2009030014770,BEVBEVAMU00000003,"Amul Kool Badam, 180ml",24,24,READY_TO_SHIP
123,AOR2009030014770,BEVBEVTHU00000011,"Thums Up, 750 ml",24,24,READY_TO_SHIP
123,AOR2009030014770,PKPPROCHG00000006,CHINGS VINEGAR CHILLY 170m,3,3,READY_TO_SHIP
123,AOR2009030014884,SSJSNGTSL00000003,"Tata Salt,1 kg Mrp 21",50,50,READY_TO_DISPATCH
123,AOR2009030014884,THPDCRPAT00000012,"Patanjali Dant Kanti ,200 gm(Free Saundarya Aloevera Gel,15 ml)",0,0,READY_TO_DISPATCH
123,AOR2009030014884,PLBSNGLDA00000017,"Arhar Dal (Fatka), 30 Kg",1,1,READY_TO_DISPATCH
123,AOR2009030014762,FGNSPLNUT00000001,"Nutrela Soya Granules, 200 gm (Box)",3,3,READY_TO_DISPATCH
123,AOR2009030014762,SSJSNGLOC00000010,"Eco Refined Sugar, 2 Kg",10,10,READY_TO_DISPATCH
123,AOR2009030014762,HOKHOKGPO00000002,"GHARI DETERGENT POWDER, 500 GM",5,5,READY_TO_DISPATCH
123,AOR2009030014762,HOKHOKFPW00000004,"FENA DETERGENT POWDER, 500 GM FREE SOAP RS-5",5,5,READY_TO_DISPATCH
123,AOR2009030014762,GRSGRSSOI00000012,"Saffola Gold Pouch, 1 Ltr",2,2,READY_TO_DISPATCH
123,AOR2009030014762,HOKHOKFPW00000003,"FENA DETERGENT POWDER, 140 GM",12,12,READY_TO_DISPATCH
123,AOR2009030014762,HPCHPCDOV00000003,"Dove Daily Shine Conditioner Sachet, 7 ml",16,16,READY_TO_DISPATCH
123,AOR2009030014762,HOKHOKGCK00000002,"GHARI DETERGENT CAKE, 190 GM",2,2,READY_TO_DISPATCH
123,AOR2009030014762,BSCBSCMAG00000008,"MAGGI 2-MIN Masala Noodles, 70gm",24,24,READY_TO_DISPATCH
123,AOR2009030014762,PKPPROCHG00000006,CHINGS VINEGAR CHILLY 170m,2,2,READY_TO_DISPATCH
123,AOR2009030014762,FGNSPLNUT00000003,"Nutrela Soya Chunks, 200 gm (Box)",6,6,READY_TO_DISPATCH
123,AOR2009030014750,SSJSNGTSL00000003,"Tata Salt,1 kg Mrp 21",250,250,READY_TO_DISPATCH
123,AOR2009030014750,PCRPCRHNC00000003,"Hair & Care Fruit Oils Green, 50 ml",3,3,READY_TO_DISPATCH
123,AOR2009030014750,DEOPCRSPI00000005,Spinz Deo Livewire 150 ml,1,1,READY_TO_DISPATCH
123,AOR2009030014750,DEOPCRSPI00000004,Spinz Deo Hi Flyer 150 ml,1,1,READY_TO_DISPATCH
123,AOR2009030014750,DEOPCRSPI00000001,Spinz Deo Achiever 150 ml,1,1,READY_TO_DISPATCH
123,AOR2009030014750,ALFSNGAAS00000002,"Aashirvaad Shudh Chakki Atta, 10 Kg",10,10,READY_TO_DISPATCH
123,AOR2009030014750,GRSGRSUTS00000001,"Uttam Sulphurless Sugar, 5Kg",5,5,READY_TO_DISPATCH
123,AOR2009030012980,BEVBEVMDE00000012,"Mountain Dew, 750 ml",24,24,READY_TO_DISPATCH
123,AOR2009030012980,BEVBEVTHU00000011,"Thums Up, 750 ml",48,48,READY_TO_DISPATCH
123,AOR2009030011289,OGCSNGPAR00000008,"Parivar Mustard Oil Pet, 1Lt",12,12,READY_TO_DISPATCH
123,AOR2009030011289,OGCSNGMDG00000017,"Mother Dairy Ghee Desi Tetra, 1 Ltr",3,3,READY_TO_DISPATCH
123,AOR2009030011289,OGCSNGMAD00000033,"Madhusudan Desi Ghee ,  200 mL Jar",12,12,READY_TO_DISPATCH
123,AOR2009030011289,BREBREEVD00000001,"EVERYDAY Dairy Whitner Powder, 20gm",24,24,READY_TO_DISPATCH
123,AOR2009030011289,HEAHEABND00000001,BAND-AID Flexi 10's (Regular),1,1,READY_TO_DISPATCH
123,AOR2009030011289,BEVBEVMAZ00000002,"Maaza - Tetra, 150 ml",80,80,READY_TO_DISPATCH
123,AOR2009030011289,OGCSNGAMU00000004,"Amul Ghee Tetra, 500 ml",2,2,READY_TO_DISPATCH
123,AOR2009030011289,OGCSNGPAR00000006,"Parivar Mustard Oil Pet, 5Ltr",2,2,READY_TO_DISPATCH
123,AOR2009030011289,OGCSNGPAR00000003,"Parivar Mustard Oil Pet, 500ml",0,0,READY_TO_DISPATCH
123,AOR2009030011289,OGCSNGPAR00000009,"Parivar Mustard Oil Pet, 2Ltr",6,6,READY_TO_DISPATCH
123,AOR2009030011543,ALFSNGAAS00000002,"Aashirvaad Shudh Chakki Atta, 10 Kg",5,5,READY_TO_DISPATCH
123,AOR2009030011543,BEVBEVTAZ00000005,"Taaza Tea, 15 gm",1,1,READY_TO_DISPATCH
123,AOR2009030011543,BEVBEVMDE00000010,"Mountain Dew, 2.25 Ltr",9,9,READY_TO_DISPATCH
123,AOR2009030011543,BSCBSCPAR00000024,Parle H&S Black Bourbon Vanilla 100gm,30,30,READY_TO_DISPATCH
123,AOR2009030011543,BACSBFPRI00000013,Priyagold Snacks Zig Zag Biscuit 75gm,0,0,READY_TO_DISPATCH
123,AOR2009030014903,OGCSNGAMU00000010,"Amul Ghee Tetra, 1 Ltr",12,12,READY_TO_DISPATCH
123,AOR2009030014903,OGCSNGFOR00000046,"Fortune Kachi Ghani Mustard Pet, 1 Ltr",12,12,READY_TO_DISPATCH
123,AOR2009030014788,IFDPROAMU00000004,"Amulspray Infant Powder Tin, 500 Gm",24,24,READY_TO_DISPATCH
123,AOR2009030014788,HOKHOKREV00000003,"Revive Anti Bacterial Instant Starch,50 gm",14,14,READY_TO_DISPATCH
123,AOR2009030014377,SCAWHGSTF00000008,Stayfree Secure Cottony Extra Lagre 6N,3,3,READY_TO_DISPATCH
123,AOR2009030014377,BBPBGMJNJ00000006,"JohnsonS Baby Powder, 50 gm",6,6,READY_TO_DISPATCH
123,AOR2009030014377,BBOBGMJNJ00000009,"JohnsonS Baby Hair Oil, 60 ml",3,3,READY_TO_DISPATCH
123,AOR2009030014377,NDPPROMAG00000023,"MAGGI 2-MIN Masala Noodles, 420gm",2,2,READY_TO_DISPATCH
123,AOR2009030014377,IFDPROAMU00000004,"Amulspray Infant Powder Tin, 500 Gm",3,3,READY_TO_DISPATCH
123,AOR2009030014377,BEVBEVTHU00000011,"Thums Up, 750 ml",24,24,READY_TO_DISPATCH
123,AOR2009030014377,OGCSNGFOR00000046,"Fortune Kachi Ghani Mustard Pet, 1 Ltr",24,24,READY_TO_DISPATCH
123,BOR2009030000187,BVRBNCKOL00000001,"Amul Kool Kesar, 180 ml (MRP 20)",210,210,READY_TO_SHIP
123,BOR2009030000187,OGCSNGMAD00000033,"Madhusudan Desi Ghee ,  200 mL Jar",300,300,READY_TO_SHIP
123,BOR2009030000187,BEVBEVAMU00000003,"Amul Kool Badam, 180ml",210,210,READY_TO_SHIP
123,BOR2009030000187,JMTLQDKOL00000001,"Amul Kool Elaichi, 180 ml (MRP 20)",210,210,READY_TO_SHIP
123,BOR2009030000187,FGNSPLNUT00000003,"Nutrela Soya Chunks, 200 gm (Box)",60,60,READY_TO_SHIP
123,AOR2009030014630,TEABEVTTE00000005,Tata Tea Premium 1Kg,6,6,READY_TO_DISPATCH
123,AOR2009030014630,TEABEVTTE00000006,Tata Tea Premium 500Gm,18,18,READY_TO_DISPATCH
123,AOR2009030013895,BSCBSCUNI00000003,"Unibic - Choco Hazelnut Cookies, 100 gm",0,0,READY_TO_SHIP
123,AOR2009030013895,BSCBSCTOY00000014,Too Yumm! Multigrain Chips Dahi Papdi Chaat 54g,0,0,READY_TO_SHIP
123,AOR2009030013895,THPDCRCOL00000032,"Colgate Strong Teeth, 300 gm",1,1,READY_TO_SHIP
123,AOR2009030013895,SHMHARDOV00000016,DOVE IRT SHPO 340ML,1,1,READY_TO_SHIP
123,AOR2009030013895,BICPROUNI00000016,"Unibic Cookies -Milk Cookies, 60g",12,12,READY_TO_SHIP
123,AOR2009030013895,CNPPROYLD00000037,"YD Potato Chips Plain Salted, 31 gm",5,5,READY_TO_SHIP
123,AOR2009030013895,CNPPROYLD00000032,"YD Chips Tomchi, 65 gm",1,1,READY_TO_SHIP
123,AOR2009030013895,SCSSNGCKD00000015,"Chukde Dhania Powder, 200 gm",1,1,READY_TO_SHIP
123,AOR2009030013895,HPCHPCHIM00000042,"Himalaya Acne n Pimple Cream, 20 gm",1,1,READY_TO_SHIP
123,AOR2009030013895,BVRBVRCAT00000009,Catch Guava Juice 600 ml Pet Bottle,2,2,READY_TO_SHIP
123,AOR2009030013895,BKDPROTOP00000025,TOPS SNACKMIX KHAMAN DHOKLA 200G,1,1,READY_TO_SHIP
123,AOR2009030013895,PROPROPRI00000017,"Priyagold Valencia Fruit & Nut Chocolate, 60 gm",2,2,READY_TO_SHIP
123,AOR2009030013895,SCSSNGCAT00000066,"Catch Turmeric Powder Pouch, 200 gms",1,1,READY_TO_SHIP
123,AOR2009030013895,PLBSNGLOC00000042,ECO KABULI $ 500 GM,1,1,READY_TO_SHIP
123,AOR2009030013895,PLBSNGLOC00000038,ECO CHANA DAL 500 GM,1,1,READY_TO_SHIP
123,AOR2009030013895,PLBSNGLOC00000052,ECO RAJMA CHITRA 1 KG,1,1,READY_TO_SHIP
123,AOR2009030013895,NKMPROBIK00000045,Bikano Tasty Spicy Coated Peanuts 200 gm,1,1,READY_TO_SHIP
123,AOR2009030013895,SCSSNGCKD00000062,Chukde Sabudana 200 gm,2,2,READY_TO_SHIP
123,AOR2009030013895,SCSSNGCAT00000002,"Catch Shahi Paneer Masala, 100 gm",1,1,READY_TO_SHIP
123,AOR2009030013895,SCSSNGCAT00000086,Catch Dal Makhani Masala 100 gm,1,1,READY_TO_SHIP
123,AOR2009030013895,SCSSNGCKD00000053,"Chukde Lal Mirch Powder, 100 gm",2,2,READY_TO_SHIP
123,AOR2009030013895,PLBSNGLOC00000041,ECO KABULI $ 1 KG,1,1,READY_TO_SHIP
123,AOR2009030013895,NDPPROMAG00000023,"MAGGI 2-MIN Masala Noodles, 420gm",2,2,READY_TO_SHIP
123,AOR2009030013895,SGSSOCKIW00000003,Kiwi Instant Polish All Colour Leather 85 Ml,1,1,READY_TO_SHIP
123,AOR2009030013895,NDPPROBAM00000001,"Bambino Macaroni Elbow, 850 gm",1,1,READY_TO_SHIP
123,AOR2009030013895,BSCBSCYIP00000003,"ITC Yippee Magic Masala Noodles, 60gm",12,12,READY_TO_SHIP
123,AOR2009030013895,PKPPROFNF00000021,Funfoods Italian Pizza Topping 325g,0,0,READY_TO_SHIP
123,AOR2009030013895,CNPPROYLD00000035,"YD Potato Chips Cream-n-Onion, 31 gm",5,5,READY_TO_SHIP
123,AOR2009030013895,PROPROPRI00000014,"Priyagold Chatpatta Cashew JAR, 200 gm",0,0,READY_TO_SHIP
123,AOR2009030013895,HPCHPCNOM00000001,"Bajaj Nomarks Ayurveda Antimarks Face Wash Oily Skin, 50 gm",1,1,READY_TO_SHIP
123,AOR2009030013895,PKPPROEVR00000023,"Everin Green Chilli Pickles Jar, 500 gm",1,1,READY_TO_SHIP
123,AOR2009030013895,FSPBDCENG00000008,Engage XX1 Cologne 135ml,0,0,READY_TO_SHIP
123,AOR2009030013895,HPCHPCWSP00000002,Whisper Ultra Soft Xl 7S,2,2,READY_TO_SHIP
123,AOR2009030013895,HMIHNKKCO00000003,KCO FOIL 72 MTR,1,1,READY_TO_SHIP
123,AOR2009030013895,HOKHOKGGN00000001,Good knight Advanced Fast Card,5,5,READY_TO_SHIP
123,AOR2009030014874,OGCSNGPAR00000003,"Parivar Mustard Oil Pet, 500ml",0,0,READY_TO_DISPATCH
123,AOR2009030014874,OGCSNGFOR00000019,"Fortune Refined Soya Bean Oil Pouch, 1 Ltr",16,16,READY_TO_DISPATCH
123,AOR2009030014872,ALFSNGAAS00000002,"Aashirvaad Shudh Chakki Atta, 10 Kg",5,5,READY_TO_DISPATCH
123,AOR2009030014872,OGCSNGFOR00000019,"Fortune Refined Soya Bean Oil Pouch, 1 Ltr",16,16,READY_TO_DISPATCH
123,AOR2009030014748,IFDPROAMU00000004,"Amulspray Infant Powder Tin, 500 Gm",12,12,READY_TO_DISPATCH
123,AOR2009030014748,OGCSNGPAR00000006,"Parivar Mustard Oil Pet, 5Ltr",2,2,READY_TO_DISPATCH
123,AOR2009030014475,OGCSNGFOR00000019,"Fortune Refined Soya Bean Oil Pouch, 1 Ltr",16,16,READY_TO_DISPATCH
123,AOR2009030014475,ALFSNGAAS00000003,"Aashirvaad Sudh Chakki Atta, 5 Kg",0,0,READY_TO_DISPATCH
123,AOR2009030014475,FGNSPLNUT00000003,"Nutrela Soya Chunks, 200 gm (Box)",3,3,READY_TO_DISPATCH
123,AOR2009030014475,SCSSNGCAT00000066,"Catch Turmeric Powder Pouch, 200 gms",2,2,READY_TO_DISPATCH
123,AOR2009030014475,BICPROPRI00000003,Priyagold Butter Lite Jeera75G,10,10,READY_TO_DISPATCH
123,AOR2009030014475,BDCHPCBOR00000002,Boroplus Ointment 6 Ml pouch,30,30,READY_TO_DISPATCH
123,AOR2009030014475,BDCHPCGNO00000003,"Godrej No.1 Saffron and Milk Cream Soap, 100g (Buy 4 Get 1 Free)",1,1,READY_TO_DISPATCH
123,AOR2009030014475,BACSBFPAR00000003,Parle 20 20 Butter Cookies 70 gm,0,0,READY_TO_DISPATCH
123,AOR2009030014475,PLBSNGLOC00000041,ECO KABULI $ 1 KG,1,1,READY_TO_DISPATCH
123,AOR2009030014475,SCSSNGCAT00000069,"Catch Red Chilli Powder, 100 gm",2,2,READY_TO_DISPATCH
123,AOR2009030014475,SCSSNGCAT00000063,Catch Sabzi Masala 100 G,4,4,READY_TO_DISPATCH
123,AOR2009030014475,PHGHPCBND00000001,"Band Aid washproof Antiseptic, 100 N + 30 N FREE",1,1,READY_TO_DISPATCH
123,AOR2009030014375,CBDBNCLIM00000002,"Limca, 2 Ltr",9,9,READY_TO_DISPATCH
123,AOR2009030014375,BEVBEVSPR00000011,"Sprite, 750 ml",24,24,READY_TO_DISPATCH
123,AOR2009030014375,BEVBEVMDE00000012,"Mountain Dew, 750 ml",24,24,READY_TO_DISPATCH
123,AOR2009030014375,BEVBEVLIM00000011,"Limca, 750 ml",24,24,READY_TO_DISPATCH
123,AOR2009030001198,WHGHPCVET00000001,"Veet Silk & Fresh Hair Removal Cream, Normal Skin,50 gm",0,0,READY_TO_DISPATCH
123,AOR2009030001198,BICPROUNI00000016,"Unibic Cookies -Milk Cookies, 60g",24,24,READY_TO_DISPATCH
123,AOR2009030001198,PCRPCRHNC00000003,"Hair & Care Fruit Oils Green, 50 ml",6,6,READY_TO_DISPATCH
123,AOR2009030001198,SCSSNGCAT00000002,"Catch Shahi Paneer Masala, 100 gm",2,2,READY_TO_DISPATCH
123,AOR2009030001198,SHGHPCDUR00000019,"Durex Condoms, Extra Time - 3 Pcs",2,2,READY_TO_DISPATCH
123,AOR2009030001198,HFWBDCDET00000008,Dettol Liquid Handwash Original 175 ml,6,6,READY_TO_DISPATCH
123,AOR2009030001198,SCSSNGCAT00000065,"Catch Red Chili Powder Pouch, 200GM",10,10,READY_TO_DISPATCH
123,AOR2009030001198,SCSSNGCAT00000083,"Catch Hing, 50 gm",5,5,READY_TO_DISPATCH
123,AOR2009030001198,SCSSNGCAT00000066,"Catch Turmeric Powder Pouch, 200 gms",10,10,READY_TO_DISPATCH
123,AOR2009030001198,GRSGRSSOI00000012,"Saffola Gold Pouch, 1 Ltr",6,6,READY_TO_DISPATCH
123,AOR2009030001198,IFDPROAMU00000004,"Amulspray Infant Powder Tin, 500 Gm",3,3,READY_TO_DISPATCH
123,AOR2009030001198,OGCSNGAMU00000003,"Amul Ghee Tin, 1 ltr",2,2,READY_TO_DISPATCH
123,AOR2009030012538,HPCHPCHIM00000090,"Himalaya Refreshing Baby Soap, 75 gm",12,12,READY_TO_DISPATCH
123,AOR2009030012538,BBOBGMHIM00000002,Himalaya Baby Massage Oil 50 ml,7,7,READY_TO_DISPATCH
123,AOR2009030012538,SGSSOCKIW00000003,Kiwi Instant Polish All Colour Leather 85 Ml,1,1,READY_TO_DISPATCH
123,AOR2009030012538,HPCHPCLUX00000009,Lux Velvet Touch Jasmine & Almond Oil Soap 100 Gm ,24,24,READY_TO_DISPATCH
123,AOR2009030012538,PCRPCRFAL00000002,"Fair & Lovely Advance Mulivitamin, 15gm",0,0,READY_TO_DISPATCH
123,AOR2009030014310,SCSSNGCAT00000075,"Catch Chana Masala Carton, 100 gms",4,4,READY_TO_DISPATCH
123,AOR2009030014310,SSJSNGTSL00000003,"Tata Salt,1 kg Mrp 21",50,50,READY_TO_DISPATCH
123,AOR2009030014310,BFDSNGAMU00000004,"Amul Fresh Cream Tetra, 250 mL",0,0,READY_TO_DISPATCH
123,AOR2009030014310,OGCSNGFOR00000019,"Fortune Refined Soya Bean Oil Pouch, 1 Ltr",16,16,READY_TO_DISPATCH
123,AOR2009030014310,MRRPHGVIC00000002,"Vicks vaporub , 5 Ml",0,0,READY_TO_DISPATCH
123,AOR2009030014310,PCRPCRGEX00000001,Godrej Expert Rich Creme Hair Colour Natural Black (1.00),20,20,READY_TO_DISPATCH
123,AOR2009030014097,OGCSNGPAS00000004,"Paras Ghee Tetra, 1 Ltr",6,6,READY_TO_DISPATCH
123,AOR2009030014097,TEABEVTTE00000006,Tata Tea Premium 500Gm,6,6,READY_TO_DISPATCH
123,AOR2009030014097,SSJSNGTSL00000003,"Tata Salt,1 kg Mrp 21",250,250,READY_TO_DISPATCH
123,AOR2009030014097,ALFSNGAAS00000002,"Aashirvaad Shudh Chakki Atta, 10 Kg",15,15,READY_TO_DISPATCH
123,AOR2009030014097,BACSBFPRI00000013,Priyagold Snacks Zig Zag Biscuit 75gm,0,0,READY_TO_DISPATCH
123,AOR2009030013264,BTSBDCLUX00000030,"Lux Jasmine Bloom Soap, 100 gm",12,12,READY_TO_DISPATCH
123,AOR2009030013264,SHMHARDOV00000023,"Dove Intense Repair Shampoo, 8.5 ml",32,32,READY_TO_DISPATCH
123,AOR2009030013264,SSJSNGTSL00000003,"Tata Salt,1 kg Mrp 21",50,50,READY_TO_DISPATCH
123,AOR2009030013264,TEABEVTTE00000006,Tata Tea Premium 500Gm,6,6,READY_TO_DISPATCH
123,AOR2009030013264,NKMPROBIK00000018,Bikano Badam Lachha 400 gm,2,2,READY_TO_DISPATCH
123,AOR2009030013264,BICPROBAK00000040,Bakkii Badam Bite 200 g,3,3,READY_TO_DISPATCH
123,AOR2009030013264,BICPROANL00000012,Anmol Butter Bake 45Gm,20,20,READY_TO_DISPATCH
123,AOR2009030013264,BACSBFPAR00000002,Parle 20 20 Cashew Cookies 70 gm,0,0,READY_TO_DISPATCH
123,AOR2009030013264,BICPROBAK00000041,Bakkii Kaju Pista 200 g,3,3,READY_TO_DISPATCH
123,AOR2009030013264,SASPROKIS00000025,Kissan Sweet & Spicy Sauce 1 kg,2,2,READY_TO_DISPATCH
123,AOR2009030013264,PROPROPRI00000014,"Priyagold Chatpatta Cashew JAR, 200 gm",0,0,READY_TO_DISPATCH
123,AOR2009030013264,BNCBNCVAN00000009,Mentos Strawberry Flavour Chewy Candy Stick Pack 655.2 g Pack of 18 ,2,2,READY_TO_DISPATCH
123,AOR2009030013264,BNCBNCVAN00000006,Mentos Mint Flavour Chewy candy Stick Pack 655.2 g Pack of 18 ,1,1,READY_TO_DISPATCH
123,AOR2009030013264,SASPROMAG00000004,"Maggi Tomato Ketchup, 1 KG Bottle",0,0,READY_TO_DISPATCH
123,AOR2009030013264,BSOBGMJNJ00000009,"JohnsonS Baby Soap, 100 gm",3,3,READY_TO_DISPATCH
123,AOR2009030013264,BBPBGMJNJ00000006,"JohnsonS Baby Powder, 50 gm",6,6,READY_TO_DISPATCH
123,AOR2009030013264,THBDCRCOL00000014,"Colgate Kids 2+ Extra Soft Hanger, 6",6,6,READY_TO_DISPATCH
123,AOR2009030013264,THBDCRCOL00000037,Colgate Zig Zag Anti-Bacterial 6 pc hanger Medium 6+1,6,6,READY_TO_DISPATCH
123,AOR2009030013264,THBDCRCOL00000023,"Colgate Super flexi Charcoal Medium Tooth Brush, 10 + 2",10,10,READY_TO_DISPATCH
123,AOR2009030013264,BFDSNGRAJ00000005,"Rajdhani Dalia, 1 kg",1,1,READY_TO_DISPATCH
123,AOR2009030014431,BSCBSCYIP00000003,"ITC Yippee Magic Masala Noodles, 60gm",12,12,READY_TO_DISPATCH
123,AOR2009030014431,OGCSNGRUG00000002,"Ruchi Gold Palm Oil, 1 Litre",30,30,READY_TO_DISPATCH
123,AOR2009030014431,HOKHOKGGN00000001,Good knight Advanced Fast Card,15,15,READY_TO_DISPATCH
123,AOR2009030014431,OGCSNGFOR00000019,"Fortune Refined Soya Bean Oil Pouch, 1 Ltr",16,16,READY_TO_DISPATCH
123,AOR2009030014747,OGCSNGPAT00000008,"Patanjali Cow Ghee Tetra, 1Ltr + Patanjali Sabji Masala, 100 gm FREE",2,2,READY_TO_DISPATCH
123,AOR2009030014747,OGCSNGGEM00000001,"Gemini Refined Soyabean Oil Pouch, 1ltr",12,12,READY_TO_DISPATCH
123,AOR2009030013935,SASPROKNR00000001,Knorr Chinese Schezuan 49 gm,0,0,READY_TO_DISPATCH
123,AOR2009030013935,PROPROPRI00000014,"Priyagold Chatpatta Cashew JAR, 200 gm",0,0,READY_TO_DISPATCH
123,AOR2009030013935,BEVBEVAMU00000003,"Amul Kool Badam, 180ml",17,17,READY_TO_DISPATCH
123,AOR2009030013935,BEVBEVWRI00000005,"Doublemint Strongmint Chewing Gum Tab, 7.4 gm",24,24,READY_TO_DISPATCH
123,AOR2009030013935,CHOBNCMUN00000003,NESTLE MUNCH 10.1G,24,24,READY_TO_DISPATCH
123,AOR2009030013935,BICPROPRI00000031,Priyagold Butter Bite Butter Cashew 200 gm,4,4,READY_TO_DISPATCH
123,AOR2009030013935,BICPROPAR00000014,Parle G 800 Gm,3,3,READY_TO_DISPATCH
123,AOR2009030013935,ALFSNGAAS00000002,"Aashirvaad Shudh Chakki Atta, 10 Kg",5,5,READY_TO_DISPATCH
123,AOR2009030013935,CHOBNCKIT00000003,Nestle Kitkat Chocolate 37.3 gm,18,18,READY_TO_DISPATCH
123,AOR2009030013935,OGCSNGFOR00000019,"Fortune Refined Soya Bean Oil Pouch, 1 Ltr",16,16,READY_TO_DISPATCH
123,AOR2009030013935,NDPPROPAT00000001,Patanjali Atta Noodles Classic 60 gm,12,12,READY_TO_DISPATCH
123,AOR2009030013935,BEVBEVFAN00000004,"Fanta, 250 ml",0,0,READY_TO_DISPATCH
123,AOR2009030013935,BDCHPCGNO00000003,"Godrej No.1 Saffron and Milk Cream Soap, 100g (Buy 4 Get 1 Free)",3,3,READY_TO_DISPATCH
123,AOR2009030014911,OGCSNGNFS00000001,"Nature Fresh Refined Soyabean Oil Pouch, 1Ltr",60,60,READY_TO_DISPATCH
123,AOR2009030014911,OGCSNGMAH00000007,"Mahakosh Soyabean Pouch, 1 Ltr",60,60,READY_TO_DISPATCH
123,AOR2009030012048,HPCHPCHNS00000006,Head & Shoulders Anti Hair fall 72 ml,3,3,READY_TO_SHIP
123,AOR2009030012048,SCSSNGCAT00000073,"Catch Kashmiri Mirch Powder Carton, 100 gms",2,2,READY_TO_SHIP
123,AOR2009030012048,BEVBEVTHU00000011,"Thums Up, 750 ml",24,24,READY_TO_SHIP
123,AOR2009030012048,OGCSNGAMU00000003,"Amul Ghee Tin, 1 ltr",4,4,READY_TO_SHIP
123,AOR2009030012048,SCSSNGCAT00000074,Catch - Chat Masala - Sprinkler - 50 G,0,0,READY_TO_SHIP
123,AOR2009030012048,BEVBEVLIM00000011,"Limca, 750 ml",24,24,READY_TO_SHIP
123,AOR2009030012048,BFDSNGAMU00000004,"Amul Fresh Cream Tetra, 250 mL",3,3,READY_TO_SHIP
123,AOR2009030014663,PKPPROFNF00000029,Funfoods Peanut Butter Crunchy 925g,0,0,READY_TO_DISPATCH
123,AOR2009030014663,TNCPDMNCF00000001,"Nescafe Classic Jar, 25 gm",0,0,READY_TO_DISPATCH
123,AOR2009030014663,CNNSBFLAY00000010,Lays  Potato Chips - Spanish Tomato Tango - 55 gm  Pack,10,10,READY_TO_DISPATCH
123,AOR2009030014663,SSJSNGTSL00000003,"Tata Salt,1 kg Mrp 21",100,100,READY_TO_DISPATCH
123,AOR2009030014184,PLBSNGLDA00000028,"Malka Masoor Kori, 30 Kg",1,1,READY_TO_DISPATCH
123,AOR2009030014184,OGCSNGRUG00000002,"Ruchi Gold Palm Oil, 1 Litre",20,20,READY_TO_DISPATCH
123,AOR2009030014461,BSOBGMHIM00000002,"Himalaya Gentle Baby Soap, 75 gm",0,0,READY_TO_DISPATCH
123,AOR2009030014461,OGCSNGMAH00000006,"Mahakosh Soyabean Pouch, 1 Ltr",24,24,READY_TO_DISPATCH
123,AOR2009030014461,PLBSNGNUT00000006,"Nutrela Soya Granules, 200 gm + 20 gm Extra (Box)",6,6,READY_TO_DISPATCH
123,AOR2009030014461,OGCSNGNFS00000001,"Nature Fresh Refined Soyabean Oil Pouch, 1Ltr",12,12,READY_TO_DISPATCH
123,AOR2009030014461,PCRPCRBAD00000004,"Bajaj Almond Drop Oil, 50 ml",6,6,READY_TO_DISPATCH
123,AOR2009030014461,BBOBGMHIM00000001,"Himalaya Baby Massage oil, 100 ml",3,3,READY_TO_DISPATCH
123,AOR2009030014461,BBOBGMHIM00000002,Himalaya Baby Massage Oil 50 ml,4,4,READY_TO_DISPATCH
123,AOR2009030014461,NDPPROPAT00000005,Patanjali Atta Noodles Chatpata 60 gm,30,30,READY_TO_DISPATCH
123,AOR2009030014461,HROHARBAD00000002,"Bajaj Almond Drops Hair Oil, 500 ml",6,6,READY_TO_DISPATCH
123,AOR2009030014461,PCRPCRHNC00000003,"Hair & Care Fruit Oils Green, 50 ml",6,6,READY_TO_DISPATCH
123,AOR2009030014461,PCRPCRHNC00000006,"Hair & Care Fruit Oils Green, 500 ml",0,0,READY_TO_DISPATCH
123,AOR2009030014461,GRSGRSSOI00000012,"Saffola Gold Pouch, 1 Ltr",4,4,READY_TO_DISPATCH
123,AOR2009030014461,PLBSNGNUT00000005,"Nutrela Soya Mini Chunks, 200 gm + 20 gm Extra (Box)",6,6,READY_TO_DISPATCH
123,AOR2009030014461,TEABEVTTE00000005,Tata Tea Premium 1Kg,3,3,READY_TO_DISPATCH
123,AOR2009030014461,PKPPROKIS00000006,"Kissan Orange Marmalade,200 gm",3,3,READY_TO_DISPATCH
123,AOR2009030013645,OGCSNGMAH00000005,"Mahakosh Soyabean Pouch, 1 Ltr",36,36,READY_TO_DISPATCH
123,AOR2009030014804,PKPPROMOH00000001,"Mohuns Non Fruit Vinegar, 500 ml",0,0,READY_TO_SHIP
123,AOR2009030014804,BEVBEVWRI00000005,"Doublemint Strongmint Chewing Gum Tab, 7.4 gm",24,24,READY_TO_SHIP
123,AOR2009030014804,OGCSNGMOT00000008,"Moti Mustard Oil Pouch, 1 Ltr",24,24,READY_TO_SHIP
123,AOR2009030014804,SCAWHGSTF00000006,"Stayfree secure cottony ,soft cover Regular , 7 S",3,3,READY_TO_SHIP
123,AOR2009030014804,OGCSNGMAD00000033,"Madhusudan Desi Ghee ,  200 mL Jar",3,3,READY_TO_SHIP
123,AOR2009030014804,OGCSNGMAD00000031,"Madhusudan Pure Ghee Poly, 500 mL",0,0,READY_TO_SHIP
123,AOR2009030014804,PCRPCRBAD00000004,"Bajaj Almond Drop Oil, 50 ml",2,2,READY_TO_SHIP
123,AOR2009030014804,PCRPCRBAD00000001,"Bajaj Almond Drops Hair Oil Sachet, Pack of 100",100,100,READY_TO_SHIP
123,AOR2009030013110,OGCSNGDHA00000015,Dhara Kachi Ghani Mustard Oil 5 ltr,4,4,READY_TO_DISPATCH
123,AOR2009030013110,NDPPROMAG00000017,"MAGGI 2-MIN Masala Noodles, 280gm",6,6,READY_TO_DISPATCH
123,AOR2009030013110,BBPBGMJNJ00000007,"JohnsonS Baby Powder, 200 gm",1,1,READY_TO_DISPATCH
123,AOR2009030013110,BBPBGMJNJ00000006,"JohnsonS Baby Powder, 50 gm",6,6,READY_TO_DISPATCH
123,AOR2009030013110,NDPPROMAG00000023,"MAGGI 2-MIN Masala Noodles, 420gm",6,6,READY_TO_DISPATCH
123,AOR2009030014738,OGCSNGFOR00000019,"Fortune Refined Soya Bean Oil Pouch, 1 Ltr",32,32,READY_TO_DISPATCH
123,AOR2009030014738,ALFSNGAAS00000002,"Aashirvaad Shudh Chakki Atta, 10 Kg",5,5,READY_TO_DISPATCH
123,AOR2009030014912,BSCBSCYIP00000003,"ITC Yippee Magic Masala Noodles, 60gm",960,960,READY_TO_DISPATCH
123,AOR2009030013967,SSJSNGLOC00000010,"Eco Refined Sugar, 2 Kg",20,20,READY_TO_DISPATCH
123,AOR2009030013967,BTSBDCDET00000005,"Dettol Soap Skincare, 75 gm",3,3,READY_TO_DISPATCH
123,AOR2009030013967,BFDSNGRAJ00000005,"Rajdhani Dalia, 1 kg",1,1,READY_TO_DISPATCH
123,AOR2009030013967,RGRSNGIND00000018,"India Gate Rice - Basmati Mogra, 5kg",1,1,READY_TO_DISPATCH
123,AOR2009030013967,RGRSNGIND00000022,"India Gate Rice - Basmati Mini Mogra, 5kg",1,1,READY_TO_DISPATCH
123,AOR2009030013967,BSCBSCYIP00000003,"ITC Yippee Magic Masala Noodles, 60gm",48,48,READY_TO_DISPATCH
123,AOR2009030013967,RGRSNGIND00000024,"India Gate Regular Choice, 1 Kg",5,5,READY_TO_DISPATCH
123,AOR2009030014848,CBDBNCTHU00000001,"Thums Up, 2 Ltr",9,9,READY_TO_DISPATCH
123,AOR2009030014848,CBDBNCFAN00000002,"Fanta, 2 Ltr",9,9,READY_TO_DISPATCH
123,AOR2009030014848,BKDPROTIL00000002,Suji Rusk 400 Gm,0,0,READY_TO_DISPATCH
123,AOR2009030014848,CHOBNCKIT00000003,Nestle Kitkat Chocolate 37.3 gm,0,0,READY_TO_DISPATCH
123,AOR2009030014848,OGCSNGFOR00000019,"Fortune Refined Soya Bean Oil Pouch, 1 Ltr",16,16,READY_TO_DISPATCH
123,AOR2009030014848,BTSBDCDET00000015,Dettol Original Soap 75Gm Pk4+1,4,4,READY_TO_DISPATCH
123,AOR2009030014848,CNNSBFLAY00000010,Lays  Potato Chips - Spanish Tomato Tango - 55 gm  Pack,5,5,READY_TO_DISPATCH
123,AOR2009030014848,OGCSNGMAD00000030,"Madhusudan Desi Ghee Jar, 1 Ltr",1,1,READY_TO_DISPATCH
123,AOR2009030014890,IFDPROAMU00000003,"Amulspray Infant Powder Tin, 1 Kg",3,3,READY_TO_DISPATCH
123,AOR2009030014890,HEAHEABND00000002,BAND-AID Wash Proof 10's (Regular),1,1,READY_TO_DISPATCH
123,AOR2009030014890,NDPPROPAT00000005,Patanjali Atta Noodles Chatpata 60 gm,9,9,READY_TO_DISPATCH
123,AOR2009030014890,HROHARCLA00000002,"Bajaj Cool Almond Drops Hair Oil, 95 ml",20,20,READY_TO_DISPATCH
123,AOR2009030014890,SHMHARCLI00000002,"Clinic Plus Strong & Long Shampoo, 80 ml",3,3,READY_TO_DISPATCH
123,AOR2009030014890,BEVBEVTAZ00000005,"Taaza Tea, 15 gm",0,0,READY_TO_DISPATCH
123,AOR2009030014394,SCSSNGMDH00000010,"MDH Super Compounded Hing Powder, 10g",0,0,READY_TO_DISPATCH
123,AOR2009030014394,GRSGRSSOI00000012,"Saffola Gold Pouch, 1 Ltr",2,2,READY_TO_DISPATCH
123,AOR2009030014394,GRSGRSRAJ00000010,"Rajdhani Maida, 1 Kg",3,3,READY_TO_DISPATCH
123,AOR2009030014394,PLBSNGRAJ00000112,Rajdhani Masoor Sabut 1 Kg,0,0,READY_TO_DISPATCH
123,AOR2009030014394,PLBSNGRAJ00000156,"Rajdhani Rajma Chitra, 500 gm",4,4,READY_TO_DISPATCH
123,AOR2009030014394,NDPRTCRAJ00000001,"Rajdhani Vermicelli long cut, 150 gm",8,8,READY_TO_DISPATCH
123,AOR2009030014394,PLBSNGRAJ00000092,Rajdhani Moong Dhuli 500 gm,1,1,READY_TO_DISPATCH
123,AOR2009030014394,GHESNGGOW00000002,"Gowardhan Ghee Jar, 500ml",4,4,READY_TO_DISPATCH
123,AOR2009030014394,LBCLQCGPH00000012,"Gainda Napthalene Balls, 100 gm",12,12,READY_TO_DISPATCH
123,AOR2009030014394,OGCSNGNFS00000001,"Nature Fresh Refined Soyabean Oil Pouch, 1Ltr",12,12,READY_TO_DISPATCH
123,AOR2009030014394,NDPPROBAM00000001,"Bambino Macaroni Elbow, 850 gm",2,2,READY_TO_DISPATCH
123,AOR2009030014394,NDPPROBAM00000005,"Bambino Pasta Spirali, 500 gm",0,0,READY_TO_DISPATCH
123,AOR2009030013086,BDCHPCSAV00000001,Savlon Glycerin soap 45gm (Pack of 4),0,0,READY_TO_DISPATCH
123,AOR2009030013086,SHMHARCLI00000001,"Clinic Plus Shampoo,6 ML with 50% extra",192,192,READY_TO_DISPATCH
123,AOR2009030013086,OGCSNGMAD00000028,"Madhusudan Desi Ghee Tetra, 500 mL",1,1,READY_TO_DISPATCH
123,AOR2009030013086,HFWBDCHIM00000005,Himalaya Face Wash Purifying Neem 200 ml,1,1,READY_TO_DISPATCH
123,AOR2009030013086,HPCHPCMOV00000004,Moov Pain Relief Specialist 15 G,0,0,READY_TO_DISPATCH
123,AOR2009030013086,SCSSNGCAT00000083,"Catch Hing, 50 gm",10,10,READY_TO_DISPATCH
123,AOR2009030013086,OGCSNGNFS00000001,"Nature Fresh Refined Soyabean Oil Pouch, 1Ltr",60,60,READY_TO_DISPATCH
123,AOR2009030013086,BFDSNGRAJ00000005,"Rajdhani Dalia, 1 kg",5,5,READY_TO_DISPATCH
123,AOR2009030013086,OGCSNGMAD00000020,Madhusudan Desi Ghee Poly pack 1 Ltr,6,6,READY_TO_DISPATCH
123,AOR2009030013086,PKPPROTOP00000097,Tops Soya Souce 240 gm,2,2,READY_TO_DISPATCH
123,AOR2009030013086,CNNSBFLAY00000010,Lays  Potato Chips - Spanish Tomato Tango - 55 gm  Pack,0,0,READY_TO_DISPATCH
123,AOR2009030003900,BEVBEVMDE00000005,"Mountain Dew, 600 ml",0,0,READY_TO_DISPATCH
123,AOR2009030003900,BFDSNGMOH00000004,"Mohuns Cornflakes Poly Bag, 900+90 gm",0,0,READY_TO_DISPATCH
123,AOR2009030003900,HOKHOKFPW00000003,"FENA DETERGENT POWDER, 140 GM",12,12,READY_TO_DISPATCH
123,AOR2009030003900,BEVBEVWRI00000003,"Doublemint Peppermint Thin Mints, 4.8 gm",20,20,READY_TO_DISPATCH
123,AOR2009030003900,BSCBSCYIP00000003,"ITC Yippee Magic Masala Noodles, 60gm",12,12,READY_TO_DISPATCH
123,AOR2009030003900,NKMPROBIK00000045,Bikano Tasty Spicy Coated Peanuts 200 gm,3,3,READY_TO_DISPATCH
123,AOR2009030003900,NDPPROPAT00000010,"Patanjali Atta Noodles Yummy Masala, 60 gm",6,6,READY_TO_DISPATCH
123,AOR2009030003900,BTSBDCDET00000015,Dettol Original Soap 75Gm Pk4+1,1,1,READY_TO_DISPATCH
123,AOR2009030003900,PKPPROTOP00000095,Tops Vinegar White 610 ML,2,2,READY_TO_DISPATCH
123,AOR2009030003900,BFDSNGAMU00000006,Amul Butter 500 gm,0,0,READY_TO_DISPATCH
123,AOR2009030003900,PKPRTCBAM00000005,Bambino Instant Upma Mix (Mrp 10),12,12,READY_TO_DISPATCH
123,AOR2009030003900,BICPROUNI00000013,"Unibic Cookies -Fruit and Nut Cookies, 37.5g",10,10,READY_TO_DISPATCH
123,AOR2009030003900,SASIRCMAG00000001,Maggi Pichkoo (MRP 15),6,6,READY_TO_DISPATCH
123,AOR2009030003900,BEVBEVORB00000001,"Orbit Spearmint Gum, 4.4 gm",32,32,READY_TO_DISPATCH
123,AOR2009030003900,MCGBNCDEN00000002,"Happydent White Mint Jar, 429.2 gm",1,1,READY_TO_DISPATCH
123,AOR2009030003900,PCRPCRGEX00000001,Godrej Expert Rich Creme Hair Colour Natural Black (1.00),6,6,READY_TO_DISPATCH
123,AOR2009030014620,BSCBSCYIP00000003,"ITC Yippee Magic Masala Noodles, 60gm",672,672,READY_TO_DISPATCH
123,AOR2009030014620,PLBSNGLOC00000049,ECO MOONG DHULI 1 KG,3,3,READY_TO_DISPATCH
123,AOR2009030014766,OGCSNGMAD00000023,"Madhusudan Desi Ghee Tetra, 1 Ltr",6,6,READY_TO_SHIP
123,AOR2009030014766,OGCSNGMAD00000028,"Madhusudan Desi Ghee Tetra, 500 mL",3,3,READY_TO_SHIP
123,AOR2009030014766,HFWBDCHIM00000005,Himalaya Face Wash Purifying Neem 200 ml,1,1,READY_TO_SHIP
123,AOR2009030014766,FGNSPLNUT00000003,"Nutrela Soya Chunks, 200 gm (Box)",3,3,READY_TO_SHIP
123,AOR2009030014766,OGCSNGMAD00000025,"Madhusudan Pure Ghee Poly, 500 mL",2,2,READY_TO_SHIP
123,AOR2009030014805,DTPDGTTID00000019,Tide Laundary Powder Lemon & Mint (4 Kg + 1 Kg),1,1,READY_TO_DISPATCH
123,AOR2009030014805,HOKHOKTID00000022,"Tide Detergent Powder Jasmine-Rose, 2kg",1,1,READY_TO_DISPATCH
123,AOR2009030014805,LBCLQCGPH00000011,"Gainda G-Kleen, 500 ml",2,2,READY_TO_DISPATCH
123,AOR2009030014805,IFDPROAMU00000004,"Amulspray Infant Powder Tin, 500 Gm",6,6,READY_TO_DISPATCH
123,AOR2009030014805,BSCBSCYIP00000003,"ITC Yippee Magic Masala Noodles, 60gm",288,288,READY_TO_DISPATCH
123,AOR2009030014805,SSJSNGTSL00000003,"Tata Salt,1 kg Mrp 21",50,50,READY_TO_DISPATCH
123,AOR2009030013422,OGCSNGMFD00000001,"MilkFood Pure Ghee Tetra, 1 Ltr",18,18,READY_TO_DISPATCH
123,AOR2009030013422,OGCSNGMDG00000017,"Mother Dairy Ghee Desi Tetra, 1 Ltr",15,15,READY_TO_DISPATCH
123,AOR2009030013422,GRSGRSSOI00000012,"Saffola Gold Pouch, 1 Ltr",10,10,READY_TO_DISPATCH
123,AOR2009030013422,OGCSNGMAD00000033,"Madhusudan Desi Ghee ,  200 mL Jar",12,12,READY_TO_DISPATCH
123,AOR2009030014312,OGCSNGDHA00000018,"Dhara Kachi Ghani Mustard Oil Pet Bottle, 1 Ltr",24,24,READY_TO_DISPATCH
123,AOR2009030014312,HOKHOKGPO00000002,"GHARI DETERGENT POWDER, 500 GM",30,30,READY_TO_DISPATCH
123,AOR2009030014312,HOKHOKGPO00000003,"GHARI DETERGENT PODWER, 140 GM",60,60,READY_TO_DISPATCH
123,AOR2009030014312,OGCSNGAMU00000010,"Amul Ghee Tetra, 1 Ltr",10,10,READY_TO_DISPATCH
123,AOR2009030014312,PKPPROTOP00000023,TOPS PICKLE PREM SWT LIME JR 1K,2,2,READY_TO_DISPATCH
123,AOR2009030014312,OGCSNGMDG00000015,"Mother Dairy Cow Ghee 500 ml, Tetra  (Mrp 290)",10,10,READY_TO_DISPATCH
123,AOR2009030014312,GRSGRSUTS00000003,"Uttam Sulphurless Sugar, 1 Kg",50,50,READY_TO_DISPATCH
123,AOR2009030014312,SHMHARCLI00000001,"Clinic Plus Shampoo,6 ML with 50% extra",16,16,READY_TO_DISPATCH
123,AOR2009030014791,NDPPROMAG00000023,"MAGGI 2-MIN Masala Noodles, 420gm",12,12,READY_TO_DISPATCH
123,AOR2009030014791,BSCBSCTOY00000016,Too Yumm Karare Munchy Masala 80g,0,0,READY_TO_DISPATCH
123,AOR2009030014791,CNNSBFLAY00000010,Lays  Potato Chips - Spanish Tomato Tango - 55 gm  Pack,0,0,READY_TO_DISPATCH
123,AOR2009030014791,BBPBGMJNJ00000001,"Johnsons baby Powder, 600 gm",0,0,READY_TO_DISPATCH
123,AOR2009030014791,PLBSNGNUT00000005,"Nutrela Soya Mini Chunks, 200 gm + 20 gm Extra (Box)",6,6,READY_TO_DISPATCH
123,AOR2009030014791,FGNSPLNUT00000003,"Nutrela Soya Chunks, 200 gm (Box)",6,6,READY_TO_DISPATCH
123,AOR2009030014791,FGNSPLNUT00000001,"Nutrela Soya Granules, 200 gm (Box)",3,3,READY_TO_DISPATCH
123,AOR2009030014791,BREBREEVD00000001,"EVERYDAY Dairy Whitner Powder, 20gm",24,24,READY_TO_DISPATCH
123,AOR2009030014791,PLBSNGLOC00000043,ECO KABULI $$ 500 GM,0,0,READY_TO_DISPATCH
123,AOR2009030014791,PLBSNGLOC00000036,ECO ARHAR DAL 500 GM,10,10,READY_TO_DISPATCH
123,AOR2009030014896,OGCSNGFOR00000019,"Fortune Refined Soya Bean Oil Pouch, 1 Ltr",32,32,READY_TO_DISPATCH
123,AOR2009030014702,BEVBEVFAN00000004,"Fanta, 250 ml",0,0,READY_TO_DISPATCH
123,AOR2009030014702,PLBSNGLOC00000054,ECO URAD CHILKA 500 GM,2,2,READY_TO_DISPATCH
123,AOR2009030014702,BEVBEVTRO00000001,"Tropicana - Pomegranate Delight Fruit Juice, 200ml",15,15,READY_TO_DISPATCH
123,AOR2009030014702,SSJSNGLOC00000011,"Eco Refined Sugar, 1 Kg",5,5,READY_TO_DISPATCH
123,AOR2009030014702,BFDSNGAMU00000003,"Amul Fresh Cream Tetra, 1 Ltr",1,1,READY_TO_DISPATCH
123,AOR2009030014702,SCSSNGMDH00000010,"MDH Super Compounded Hing Powder, 10g",1,1,READY_TO_DISPATCH
123,AOR2009030014702,SSJSNGTSL00000003,"Tata Salt,1 kg Mrp 21",50,50,READY_TO_DISPATCH
123,AOR2009030014702,BEVBEVTRO00000005,"Tropicana - Orange Delight Fruit Juice, 200ml",15,15,READY_TO_DISPATCH
123,AOR2009030014702,SHMHARCLI00000001,"Clinic Plus Shampoo,6 ML with 50% extra",16,16,READY_TO_DISPATCH
123,AOR2009030014702,PCRPCRLIF00000008,"Lifebuoy Care Soap, 59 gm",0,0,READY_TO_DISPATCH
123,AOR2009030014702,SCSSNGCAT00000056,"Catch Chat Pta Masala Carton, 100 gms",4,4,READY_TO_DISPATCH
123,AOR2009030014871,ALFSNGAAS00000003,"Aashirvaad Sudh Chakki Atta, 5 Kg",0,0,READY_TO_DISPATCH
123,AOR2009030014871,OGCSNGAMU00000010,"Amul Ghee Tetra, 1 Ltr",2,2,READY_TO_DISPATCH
123,AOR2009030014871,SCSSNGMDH00000010,"MDH Super Compounded Hing Powder, 10g",10,10,READY_TO_DISPATCH
123,AOR2009030014871,ALFSNGAAS00000002,"Aashirvaad Shudh Chakki Atta, 10 Kg",5,5,READY_TO_DISPATCH
123,AOR2009030014673,OGCSNGNFS00000001,"Nature Fresh Refined Soyabean Oil Pouch, 1Ltr",12,12,READY_TO_DISPATCH
123,AOR2009030014673,OGCSNGPAS00000004,"Paras Ghee Tetra, 1 Ltr",3,3,READY_TO_DISPATCH
123,AOR2009030014673,NDPPROPAT00000005,Patanjali Atta Noodles Chatpata 60 gm,30,30,READY_TO_DISPATCH
123,AOR2009030014728,PDMBVRMOR00000002,Morton Golgappa Pani Masala 500 Ml,2,2,READY_TO_DISPATCH
123,AOR2009030014728,PLBSNGLOC00000042,ECO KABULI $ 500 GM,1,1,READY_TO_DISPATCH
123,AOR2009030014728,PLBSNGLOC00000039,ECO CHANA KALA 1 KG,5,5,READY_TO_DISPATCH
123,AOR2009030014728,SCSSNGCAT00000086,Catch Dal Makhani Masala 100 gm,1,1,READY_TO_DISPATCH
123,AOR2009030014728,SCSSNGCAT00000062,Catch Amchur Powder 50 G,0,0,READY_TO_DISPATCH
123,AOR2009030014728,SCSSNGCAT00000063,Catch Sabzi Masala 100 G,3,3,READY_TO_DISPATCH
123,AOR2009030014728,OGCSNGFOR00000019,"Fortune Refined Soya Bean Oil Pouch, 1 Ltr",16,16,READY_TO_DISPATCH
123,AOR2009030014728,PLBSNGLOC00000036,ECO ARHAR DAL 500 GM,6,6,READY_TO_DISPATCH
123,AOR2009030014728,PKPPROMTR00000008,MTR Poha 60 gm,9,9,READY_TO_DISPATCH
123,AOR2009030014345,OGCSNGMFD00000001,"MilkFood Pure Ghee Tetra, 1 Ltr",10,10,READY_TO_DISPATCH
123,AOR2009030014345,OGCSNGMAD00000033,"Madhusudan Desi Ghee ,  200 mL Jar",6,6,READY_TO_DISPATCH
123,AOR2009030014345,OGCSNGAMU00000003,"Amul Ghee Tin, 1 ltr",4,4,READY_TO_DISPATCH
123,AOR2009030014345,OGCSNGAMU00000010,"Amul Ghee Tetra, 1 Ltr",6,6,READY_TO_DISPATCH
123,AOR2009030014345,GRSGRSSOI00000012,"Saffola Gold Pouch, 1 Ltr",10,10,READY_TO_DISPATCH
123,AOR2009030014736,PLBSNGLOC00000035,ECO ARHAR DAL 1 KG,20,20,READY_TO_DISPATCH
123,AOR2009030014736,BICPROUNI00000028,Unibic Chocoripple Cookies 100 Gm,5,5,READY_TO_DISPATCH
123,AOR2009030014736,HOKHOKFPW00000003,"FENA DETERGENT POWDER, 140 GM",24,24,READY_TO_DISPATCH
123,AOR2009030014736,BEVBEVMDE00000010,"Mountain Dew, 2.25 Ltr",9,9,READY_TO_DISPATCH
123,AOR2009030014736,BEVBEVMDE00000012,"Mountain Dew, 750 ml",24,24,READY_TO_DISPATCH
123,AOR2009030014736,BSCBSCUNI00000001,Unibic -Cashew Badam Cookies 100 gm,0,0,READY_TO_DISPATCH
123,AOR2009030014265,DTPDGTTID00000006,"Tide Detergent powder Jasmine & Rose, 6 Kg+ 2 Kg",1,1,READY_TO_DISPATCH
123,AOR2009030014265,OGCSNGFOR00000019,"Fortune Refined Soya Bean Oil Pouch, 1 Ltr",16,16,READY_TO_DISPATCH
123,DOR2009030000124,OGCSNGFOR00000019,"Fortune Refined Soya Bean Oil Pouch, 1 Ltr",400,400,READY_TO_DISPATCH
123,AOR2009030014688,SNGSNGPAS00000002,"Paras Ghee Tetra, 500 ml",12,12,READY_TO_DISPATCH
123,AOR2009030014688,NDPPROPAT00000001,Patanjali Atta Noodles Classic 60 gm,3,3,READY_TO_DISPATCH
123,AOR2009030014622,BTSBDCPRS00000009,"Pears Pure & Gentle Soap, 125 gm 25gm Extra",6,6,READY_TO_DISPATCH
123,AOR2009030014622,TEABEVTTE00000006,Tata Tea Premium 500Gm,6,6,READY_TO_DISPATCH
123,AOR2009030014622,BSOBGMJJJ00000003,"JohnsonS Baby Soap, 150 gm",6,6,READY_TO_DISPATCH
123,AOR2009030014622,ALFSNGAAS00000002,"Aashirvaad Shudh Chakki Atta, 10 Kg",5,5,READY_TO_DISPATCH
123,AOR2009030013369,BSCBSCUNI00000001,Unibic -Cashew Badam Cookies 100 gm,0,0,READY_TO_DISPATCH
123,AOR2009030013369,PDMBVRMOR00000001,Morton Golgappa Pani Masala 200 Ml,3,3,READY_TO_DISPATCH
123,AOR2009030013369,SHGHPCDUR00000019,"Durex Condoms, Extra Time - 3 Pcs",3,3,READY_TO_DISPATCH
123,AOR2009030013369,HPCHPCVET00000001,Veet Hair Removal Cream for Dry Skin - 32g,2,2,READY_TO_DISPATCH
123,AOR2009030013369,HPCHPCVET00000002,Veet Hair Removal Cream for Sensitive Skin - 32g,3,3,READY_TO_DISPATCH
123,AOR2009030013369,PCRPCRDUR00000001,"Durex Condoms, Extra Time - 3 Pcs",3,3,READY_TO_DISPATCH
123,AOR2009030013369,PKPPROFNF00000021,Funfoods Italian Pizza Topping 325g,2,2,READY_TO_DISPATCH
123,AOR2009030013369,HOKHOKRIN00000008,"Rin Bar, 250 gm",12,12,READY_TO_DISPATCH
123,AOR2009030013369,SHMHARCLI00000002,"Clinic Plus Strong & Long Shampoo, 80 ml",6,6,READY_TO_DISPATCH
123,AOR2009030013369,LQCHNKCOM00000004,Comfort Fabric Conditioner Lily fresh 220ml,3,3,READY_TO_DISPATCH
123,AOR2009030013369,BICPROUNI00000016,"Unibic Cookies -Milk Cookies, 60g",24,24,READY_TO_DISPATCH
123,AOR2009030013369,HPCHPCSRF00000001,"Surf XL BAR FW, 400 gm",3,3,READY_TO_DISPATCH
123,AOR2009030013369,PKPPROFNF00000012,Funfoods Sandwich Spread Thousnd Island EL 300g,2,2,READY_TO_DISPATCH
123,AOR2009030013369,BSCBSCUNI00000002,Unibic -Orange Milk Cookies 100 gm,0,0,READY_TO_DISPATCH
123,AOR2009030013369,BICPROUNI00000028,Unibic Chocoripple Cookies 100 Gm,0,0,READY_TO_DISPATCH
123,AOR2009030013369,BSCBSCUNI00000003,"Unibic - Choco Hazelnut Cookies, 100 gm",0,0,READY_TO_DISPATCH
123,AOR2009030013369,SHGHPCDUR00000021,"Durex Condoms, Extra Ribbed - 10 Count",1,1,READY_TO_DISPATCH
123,AOR2009030013369,HREWHGVET00000002,"Veet Hair Removal Cream, 50 g (Dry Skin)",2,2,READY_TO_DISPATCH
123,AOR2009030013369,WHGHPCVET00000001,"Veet Silk & Fresh Hair Removal Cream, Normal Skin,50 gm",0,0,READY_TO_DISPATCH
123,AOR2009030013369,LFCLQCMRM00000003,"Mr. Muscle Floor Cleaner with Glade CITRUS, 1 ltr + 500 ML FREE",1,1,READY_TO_DISPATCH
123,AOR2009030013369,PDMBVRMOR00000002,Morton Golgappa Pani Masala 500 Ml,2,2,READY_TO_DISPATCH
123,AOR2009030013987,PCRPCRFOG00000001,"Fogg Royal Deo, 150 ml",2,2,READY_TO_DISPATCH
123,AOR2009030013987,SHMHARCLI00000001,"Clinic Plus Shampoo,6 ML with 50% extra",960,960,READY_TO_DISPATCH
123,AOR2009030013987,IFDPROAMU00000003,"Amulspray Infant Powder Tin, 1 Kg",3,3,READY_TO_DISPATCH
123,AOR2009030013987,BBPBGMJNJ00000007,"JohnsonS Baby Powder, 200 gm",3,3,READY_TO_DISPATCH
123,AOR2009030013987,OGCSNGMAH00000005,"Mahakosh Soyabean Pouch, 1 Ltr",12,12,READY_TO_DISPATCH
123,AOR2009030013987,BBPBGMJNJ00000006,"JohnsonS Baby Powder, 50 gm",6,6,READY_TO_DISPATCH
123,AOR2009030013987,THBDCRCOL00000037,Colgate Zig Zag Anti-Bacterial 6 pc hanger Medium 6+1,6,6,READY_TO_DISPATCH
123,AOR2009030013987,PCRPCRPAR00000004,"Parachute Advansed Jasmine Coconut Hair Oil, 300 ml",2,2,READY_TO_DISPATCH
123,AOR2009030013987,HFWBDCDET00000008,Dettol Liquid Handwash Original 175 ml,3,3,READY_TO_DISPATCH
123,AOR2009030013987,HPCHPCHIM00000071,"Himalaya Purifying Neem Face Wash, 150 ml",0,0,READY_TO_DISPATCH
123,AOR2009030013987,PCRPCRGEX00000001,Godrej Expert Rich Creme Hair Colour Natural Black (1.00),3,3,READY_TO_DISPATCH
123,AOR2009030014480,BSCBSCYIP00000003,"ITC Yippee Magic Masala Noodles, 60gm",192,192,READY_TO_DISPATCH
123,AOR2009030014480,HFWBDCDET00000008,Dettol Liquid Handwash Original 175 ml,20,20,READY_TO_DISPATCH
123,AOR2009030014480,OGCSNGMAD00000023,"Madhusudan Desi Ghee Tetra, 1 Ltr",8,8,READY_TO_DISPATCH
123,AOR2009030014480,TEABEVTTE00000007,Tata Tea Gold 500Gm,6,6,READY_TO_DISPATCH
123,AOR2009030014480,GRSGRSSOI00000012,"Saffola Gold Pouch, 1 Ltr",10,10,READY_TO_DISPATCH
123,AOR2009030014480,TNCPDMNCF00000002,"Nescafe Classic Dawn Jar, 50 gm",4,4,READY_TO_DISPATCH
123,AOR2009030014480,NDPPROBAM00000001,"Bambino Macaroni Elbow, 850 gm",6,6,READY_TO_DISPATCH
123,AOR2009030014480,OGCSNGGOW00000003,"Gowardhan Pure Cow Ghee Jar, 1 Ltr",2,2,READY_TO_DISPATCH
123,AOR2009030014480,NDPPROMAG00000023,"MAGGI 2-MIN Masala Noodles, 420gm",14,14,READY_TO_DISPATCH
123,AOR2009030014480,PLBSNGNUT00000001,"Nutrela Soya Bari Chunks, 45 gm +20% Extra free",40,40,READY_TO_DISPATCH
123,AOR2009030014480,HOKHOKFPW00000003,"FENA DETERGENT POWDER, 140 GM",12,12,READY_TO_DISPATCH
123,AOR2009030014480,TEABEVTTE00000006,Tata Tea Premium 500Gm,30,30,READY_TO_DISPATCH
123,AOR2009030014480,NDPPROPAT00000001,Patanjali Atta Noodles Classic 60 gm,60,60,READY_TO_DISPATCH
123,AOR2009030014480,HNKHNKSRF00000001,"Surf Excel Bar, 150 gm",30,30,READY_TO_DISPATCH
123,AOR2009030014480,HPCHPCVET00000002,Veet Hair Removal Cream for Sensitive Skin - 32g,0,0,READY_TO_DISPATCH
123,AOR2009030014480,OGCSNGFOR00000046,"Fortune Kachi Ghani Mustard Pet, 1 Ltr",60,60,READY_TO_DISPATCH
123,AOR2009030014816,OGCSNGMOT00000008,"Moti Mustard Oil Pouch, 1 Ltr",60,60,READY_TO_SHIP
123,AOR2009030013125,SNGSNGPAS00000002,"Paras Ghee Tetra, 500 ml",3,3,READY_TO_DISPATCH
123,AOR2009030013125,OGCSNGPAS00000004,"Paras Ghee Tetra, 1 Ltr",6,6,READY_TO_DISPATCH
123,AOR2009030014001,OGCSNGFOR00000019,"Fortune Refined Soya Bean Oil Pouch, 1 Ltr",80,80,READY_TO_DISPATCH
123,AOR2009030014749,OGCSNGPAT00000008,"Patanjali Cow Ghee Tetra, 1Ltr + Patanjali Sabji Masala, 100 gm FREE",5,5,READY_TO_DISPATCH
123,AOR2009030014855,GRSGRSUTS00000001,"Uttam Sulphurless Sugar, 5Kg",10,10,READY_TO_DISPATCH
123,AOR2009030014855,GRSGRSUTS00000003,"Uttam Sulphurless Sugar, 1 Kg",50,50,READY_TO_DISPATCH
123,AOR2009030014737,PLBSNGLDA00000017,"Arhar Dal (Fatka), 30 Kg",2,2,READY_TO_DISPATCH
123,AOR2009030014821,OGCSNGMOT00000008,"Moti Mustard Oil Pouch, 1 Ltr",240,240,READY_TO_DISPATCH
123,AOR2009030014836,OGCSNGMOT00000008,"Moti Mustard Oil Pouch, 1 Ltr",120,120,READY_TO_SHIP
123,AOR2009030014746,THPDCRPAT00000012,"Patanjali Dant Kanti ,200 gm(Free Saundarya Aloevera Gel,15 ml)",0,0,READY_TO_DISPATCH
123,AOR2009030014746,BTSBDCDET00000005,"Dettol Soap Skincare, 75 gm",12,12,READY_TO_DISPATCH
123,AOR2009030014746,PLBSNGLDA00000028,"Malka Masoor Kori, 30 Kg",1,1,READY_TO_DISPATCH
123,AOR2009030014746,PLBSNGLDA00000020,"Kabuli (Single Dollar ),30 kg",1,1,READY_TO_DISPATCH
123,AOR2009030014746,PLBSNGLDA00000029,"Masoor Dal, 30 Kg",1,1,READY_TO_DISPATCH
123,AOR2009030014746,DTPDGTTID00000019,Tide Laundary Powder Lemon & Mint (4 Kg + 1 Kg),3,3,READY_TO_DISPATCH
123,AOR2009030014746,BSCBSCYIP00000003,"ITC Yippee Magic Masala Noodles, 60gm",192,192,READY_TO_DISPATCH
123,AOR2009030014860,TEABEVTTE00000005,Tata Tea Premium 1Kg,3,3,READY_TO_DISPATCH
123,AOR2009030014860,TEABEVTTE00000006,Tata Tea Premium 500Gm,6,6,READY_TO_DISPATCH
123,AOR2009030014745,CNNSBFLAY00000010,Lays  Potato Chips - Spanish Tomato Tango - 55 gm  Pack,0,0,READY_TO_DISPATCH
123,AOR2009030014745,RGRSNGFOR00000005,"Fortune Rozana Basmati Rice, 1 kg",1,1,READY_TO_DISPATCH
123,AOR2009030014745,SHMHARCLI00000001,"Clinic Plus Shampoo,6 ML with 50% extra",80,80,READY_TO_DISPATCH
123,AOR2009030014745,THPDCRCOL00000018,"Colgate Herbal 100 gm,",2,2,READY_TO_DISPATCH
123,AOR2009030014745,SHMHARHNS00000017,Head & Shoulders Smooth & Silky 180 ml,1,1,READY_TO_DISPATCH
123,AOR2009030014745,ALFSNGAAS00000002,"Aashirvaad Shudh Chakki Atta, 10 Kg",5,5,READY_TO_DISPATCH
123,AOR2009030014820,OGCSNGMOT00000008,"Moti Mustard Oil Pouch, 1 Ltr",60,60,READY_TO_SHIP
123,AOR2009030013743,CNNSBFLAY00000010,Lays  Potato Chips - Spanish Tomato Tango - 55 gm  Pack,0,0,READY_TO_DISPATCH
123,AOR2009030013743,DTBDGTGHD00000003,Ghadi Detergent Cake 300 Gm,5,5,READY_TO_DISPATCH
123,AOR2009030013743,HOKHOKRIN00000003,"RIN BAR, 90gm",15,15,READY_TO_DISPATCH
123,AOR2009030013743,HOKHOKRIN00000008,"Rin Bar, 250 gm",6,6,READY_TO_DISPATCH
123,AOR2009030013743,NKMPROBIK00000045,Bikano Tasty Spicy Coated Peanuts 200 gm,2,2,READY_TO_DISPATCH
123,AOR2009030013743,NKMPROBIK00000010,Bikano Aloo Bhujia 400 gm,2,2,READY_TO_DISPATCH
123,AOR2009030013743,BSCBSCYIP00000003,"ITC Yippee Magic Masala Noodles, 60gm",24,24,READY_TO_DISPATCH
123,AOR2009030013743,SASPROKIS00000021,"Kissan Tomato Ketchup, 500 gm Bottle",1,1,READY_TO_DISPATCH
123,AOR2009030013743,SCSSNGCKD00000012,"Chukde Mishri Dana, 100 gm",6,6,READY_TO_DISPATCH
123,AOR2009030013743,BEVBEVTAZ00000005,"Taaza Tea, 15 gm",12,12,READY_TO_DISPATCH
123,AOR2009030013743,THPDCRCOL00000015,"Colgate Strong Teeth,18 gm",12,12,READY_TO_DISPATCH
123,AOR2009030013743,PCRPCRGEX00000001,Godrej Expert Rich Creme Hair Colour Natural Black (1.00),6,6,READY_TO_DISPATCH
123,AOR2009030013743,PKPPROEVR00000007,Everin Macaroni 300 gm,3,3,READY_TO_DISPATCH
123,AOR2009030013743,PKPPROSMJ00000001,"Smith & Jones Ginger Garlic Paste, 25 gm",12,12,READY_TO_DISPATCH
123,AOR2009030013743,PCRPCRCOL00000016,"Colgate Strong Teeth, 46g",12,12,READY_TO_DISPATCH
123,AOR2009030013743,NDPPROPAT00000001,Patanjali Atta Noodles Classic 60 gm,9,9,READY_TO_DISPATCH
123,AOR2009030013743,NDPPROPAT00000005,Patanjali Atta Noodles Chatpata 60 gm,12,12,READY_TO_DISPATCH
123,AOR2009030013743,SCSSNGCAT00000060,Catch Jeera Powder 50 G,2,2,READY_TO_DISPATCH
123,AOR2009030013743,SCSSNGCKD00000007,"Chukde Methi Dana, 100 gm",1,1,READY_TO_DISPATCH
123,AOR2009030013743,PLBSNGNUT00000002,"Nutrela Soya Bari Mini Chunks, 45 gm + 20% Extra Free",12,12,READY_TO_DISPATCH
123,AOR2009030013743,SASPROKIS00000026,Kissan Mango Jam 188 Gm,0,0,READY_TO_DISPATCH
123,AOR2009030013743,BICPROANL00000015,Anmol Smileys Butter Cookies 60+15g,5,5,READY_TO_DISPATCH
123,AOR2009030013743,PROPROMAG00000003,Maggi Pazzta Masala,8,8,READY_TO_DISPATCH
123,AOR2009030013743,NKMPROBIK00000012,Bikano Khatta Meetha 400 gm,2,2,READY_TO_DISPATCH
123,AOR2009030013743,NKMPROBIK00000014,Bikano Tasty Spicy Coated Peanuts 400gm,2,2,READY_TO_DISPATCH
123,AOR2009030013743,HOKHOKGPO00000002,"GHARI DETERGENT POWDER, 500 GM",3,3,READY_TO_DISPATCH
123,AOR2009030013743,HOKHOKFPW00000003,"FENA DETERGENT POWDER, 140 GM",12,12,READY_TO_DISPATCH
123,AOR2009030013743,HOKHOKFCK00000001,"FENA DETERGENT CAKE, 95 GM",10,10,READY_TO_DISPATCH
123,AOR2009030013743,HNKHNKSRF00000001,"Surf Excel Bar, 150 gm",10,10,READY_TO_DISPATCH
123,AOR2009030013743,HOKHOKGPO00000003,"GHARI DETERGENT PODWER, 140 GM",12,12,READY_TO_DISPATCH
123,AOR2009030013743,HOKHOKGCK00000002,"GHARI DETERGENT CAKE, 190 GM",15,15,READY_TO_DISPATCH
123,AOR2009030014838,OGCSNGMOT00000008,"Moti Mustard Oil Pouch, 1 Ltr",60,60,READY_TO_SHIP
123,AOR2009030014854,BSCBSCYIP00000003,"ITC Yippee Magic Masala Noodles, 60gm",480,480,READY_TO_DISPATCH
123,AOR2009030014854,HOKHOKRIN00000003,"RIN BAR, 90gm",1,1,READY_TO_DISPATCH
123,AOR2009030013076,OGCSNGMOT00000008,"Moti Mustard Oil Pouch, 1 Ltr",60,60,READY_TO_SHIP
123,AOR2009030014802,OGCSNGMOT00000008,"Moti Mustard Oil Pouch, 1 Ltr",60,60,READY_TO_SHIP
123,AOR2009030014657,PCRPCRGEX00000001,Godrej Expert Rich Creme Hair Colour Natural Black (1.00),50,50,READY_TO_DISPATCH
123,AOR2009030014657,SASPROCHG00000025,Chings Sauce Green Chilly 190 gm,0,0,READY_TO_DISPATCH
123,AOR2009030014657,NDPPROMAG00000023,"MAGGI 2-MIN Masala Noodles, 420gm",4,4,READY_TO_DISPATCH
123,AOR2009030014657,OGCSNGAMU00000004,"Amul Ghee Tetra, 500 ml",4,4,READY_TO_DISPATCH
123,AOR2009030014657,SASPROKIS00000026,Kissan Mango Jam 188 Gm,0,0,READY_TO_DISPATCH
123,AOR2009030014657,OGCSNGRUG00000002,"Ruchi Gold Palm Oil, 1 Litre",50,50,READY_TO_DISPATCH
123,AOR2009030014596,BVRBVRMDE00000002,Mountain Dew 1.0 ltr,0,0,READY_TO_DISPATCH
123,AOR2009030014596,BFDSNGAMU00000006,Amul Butter 500 gm,0,0,READY_TO_DISPATCH
123,AOR2009030014596,BEVBEVAMU00000003,"Amul Kool Badam, 180ml",42,42,READY_TO_DISPATCH
123,AOR2009030014596,BEVBEVTRO00000005,"Tropicana - Orange Delight Fruit Juice, 200ml",7,7,READY_TO_DISPATCH
123,AOR2009030014596,BEVBEVTRO00000001,"Tropicana - Pomegranate Delight Fruit Juice, 200ml",5,5,READY_TO_DISPATCH
123,AOR2009030014596,NDPPROPAT00000001,Patanjali Atta Noodles Classic 60 gm,12,12,READY_TO_DISPATCH
123,AOR2009030014596,NKMSNKCRX00000010,CRAX DOUBLE MAZZA (Mrp 10),20,20,READY_TO_DISPATCH
123,AOR2009030014596,CNNSBFLAY00000010,Lays  Potato Chips - Spanish Tomato Tango - 55 gm  Pack,0,0,READY_TO_DISPATCH
123,AOR2009030014596,PROPRONES00000006,"Maggi Veg Masala Atta Noodles, 290 gm (Pack of 4)",7,7,READY_TO_DISPATCH
123,AOR2009030014807,OGCSNGMOT00000008,"Moti Mustard Oil Pouch, 1 Ltr",60,60,READY_TO_SHIP
123,AOR2009030014829,OGCSNGMOT00000008,"Moti Mustard Oil Pouch, 1 Ltr",240,240,READY_TO_DISPATCH
123,AOR2009030014703,BKDPROTIL00000002,Suji Rusk 400 Gm,0,0,READY_TO_DISPATCH
123,AOR2009030014703,PLBSNGLOC00000042,ECO KABULI $ 500 GM,5,5,READY_TO_DISPATCH
123,AOR2009030014703,BSCBSCPAR00000014,Parle Coconut cookies 96gm,2,2,READY_TO_DISPATCH
123,AOR2009030014703,SASIRCMAG00000001,Maggi Pichkoo (MRP 15),6,6,READY_TO_DISPATCH
123,AOR2009030014703,BEVBEVTHU00000011,"Thums Up, 750 ml",24,24,READY_TO_DISPATCH
123,AOR2009030014703,BEVBEVMDE00000010,"Mountain Dew, 2.25 Ltr",9,9,READY_TO_DISPATCH
123,AOR2009030014703,BICPROPRI00000003,Priyagold Butter Lite Jeera75G,10,10,READY_TO_DISPATCH
123,AOR2009030014703,BACSBFPRI00000013,Priyagold Snacks Zig Zag Biscuit 75gm,0,0,READY_TO_DISPATCH
123,AOR2009030014703,BNCBNCTRO00000005,Tropicana Pomegranate Juice 500 ml,5,5,READY_TO_DISPATCH
123,AOR2009030014703,BNCBNCTRO00000003,Tropicana Guava Juice 500 ml,3,3,READY_TO_DISPATCH
123,AOR2009030014697,OGCSNGMOT00000008,"Moti Mustard Oil Pouch, 1 Ltr",48,48,READY_TO_SHIP
123,AOR2009030014777,BSCBSCPAR00000026,Parle Rusk Premium Elaichi 273 Gm,0,0,READY_TO_DISPATCH
123,AOR2009030014777,THBDCRCOL00000014,"Colgate Kids 2+ Extra Soft Hanger, 6",6,6,READY_TO_DISPATCH
123,AOR2009030014777,THPDCRCOL00000015,"Colgate Strong Teeth,18 gm",12,12,READY_TO_DISPATCH
123,AOR2009030014777,SCSSNGCKD00000005,"Chukde Kaali Sarso, 100 gm",12,12,READY_TO_DISPATCH
123,AOR2009030014777,BREBREEVD00000001,"EVERYDAY Dairy Whitner Powder, 20gm",12,12,READY_TO_DISPATCH
123,AOR2009030014777,BVRBNCKOL00000002,"Amul Kool Rose, 180 ml (Mrp 20)",30,30,READY_TO_DISPATCH
123,AOR2009030014777,JMTLQDKOL00000001,"Amul Kool Elaichi, 180 ml (MRP 20)",30,30,READY_TO_DISPATCH
123,AOR2009030014777,BVRBNCKOL00000001,"Amul Kool Kesar, 180 ml (MRP 20)",30,30,READY_TO_DISPATCH
123,AOR2009030014777,SCSSNGCKD00000060,Chukde Peeli Sarso Sabut 100 gm,8,8,READY_TO_DISPATCH
123,AOR2009030014777,BEVBEVAMU00000003,"Amul Kool Badam, 180ml",6,6,READY_TO_DISPATCH
123,AOR2009030014777,BVRBVRCAT00000011,Catch Mango Juice 600 ml Pet Bottle,12,12,READY_TO_DISPATCH
123,AOR2009030014777,PCRPCRCOL00000016,"Colgate Strong Teeth, 46g",12,12,READY_TO_DISPATCH
123,AOR2009030014777,THBDCRCOL00000034,Colgate Super Flexi SOFT SINGLE Toothbrush (12 Super Flexi + 1 Charcoal Free),24,24,READY_TO_DISPATCH
123,AOR2009030014777,NDPPROMAG00000023,"MAGGI 2-MIN Masala Noodles, 420gm",12,12,READY_TO_DISPATCH
123,AOR2009030014262,BSCBSCYIP00000003,"ITC Yippee Magic Masala Noodles, 60gm",288,288,READY_TO_SHIP
123,AOR2009030013113,PKPPROFNF00000018,Funfoods Peanut Butter Creamy 150g,0,0,READY_TO_DISPATCH
123,AOR2009030013113,CBDBNCFAN00000002,"Fanta, 2 Ltr",9,9,READY_TO_DISPATCH
123,AOR2009030013113,CHCCNFCAD00000010,Cadbury Celebrations Rich Dry Fruit Chocolate Gift Box 177 gm,2,2,READY_TO_DISPATCH
123,AOR2009030013113,PKPPROMTR00000004,MTR 3 Minute Breakfast Vegetable Upma Pouch 60 gm,0,0,READY_TO_DISPATCH
123,AOR2009030013113,PKPPROFNF00000012,Funfoods Sandwich Spread Thousnd Island EL 300g,2,2,READY_TO_DISPATCH
123,AOR2009030013113,PKPPROFNF00000021,Funfoods Italian Pizza Topping 325g,0,0,READY_TO_DISPATCH
123,AOR2009030013113,BEVBEVDIE00000001,"Diet Coke - CAN, 300ML",48,48,READY_TO_DISPATCH
123,AOR2009030014825,OGCSNGMOT00000008,"Moti Mustard Oil Pouch, 1 Ltr",240,240,READY_TO_SHIP
123,AOR2009030014786,GRSGRSSOI00000012,"Saffola Gold Pouch, 1 Ltr",10,10,READY_TO_SHIP
123,AOR2009030014786,PLBSNGLOC00000046,ECO MASOOR MALKA 500 GM,2,2,READY_TO_SHIP
123,AOR2009030014786,SSJSNGLOC00000010,"Eco Refined Sugar, 2 Kg",3,3,READY_TO_SHIP
123,AOR2009030014786,PLBSNGLOC00000050,ECO MOONG DHULI 500 GM,10,10,READY_TO_SHIP
123,AOR2009030014775,PKPPROMTR00000004,MTR 3 Minute Breakfast Vegetable Upma Pouch 60 gm,0,0,READY_TO_DISPATCH
123,AOR2009030014775,IFDPROAMU00000004,"Amulspray Infant Powder Tin, 500 Gm",18,18,READY_TO_DISPATCH
123,AOR2009030014775,MHGHPCGIL00000008,"Gillette Foam Sensitive,418gm",1,1,READY_TO_DISPATCH
123,AOR2009030014775,PROPROPRI00000014,"Priyagold Chatpatta Cashew JAR, 200 gm",0,0,READY_TO_DISPATCH
123,AOR2009030014775,PKPPROEVR00000023,"Everin Green Chilli Pickles Jar, 500 gm",3,3,READY_TO_DISPATCH
123,AOR2009030014775,SASPROHUL00000002,Knorr Chinese Hot & Sour Veg Soup powder 43 Gm,0,0,READY_TO_DISPATCH
123,AOR2009030014775,SASPROKNR00000001,Knorr Chinese Schezuan 49 gm,10,10,READY_TO_DISPATCH
123,AOR2009030014834,OGCSNGMOT00000008,"Moti Mustard Oil Pouch, 1 Ltr",60,60,READY_TO_SHIP
123,AOR2009030014334,OGCSNGMOT00000008,"Moti Mustard Oil Pouch, 1 Ltr",120,120,READY_TO_SHIP
123,AOR2009030013134,LQCHNKCOM00000004,Comfort Fabric Conditioner Lily fresh 220ml,6,6,READY_TO_SHIP
123,AOR2009030013134,OGCSNGMOT00000008,"Moti Mustard Oil Pouch, 1 Ltr",120,120,READY_TO_SHIP
123,AOR2009030013093,NDPPROPAT00000010,"Patanjali Atta Noodles Yummy Masala, 60 gm",2,2,READY_TO_DISPATCH
123,AOR2009030013093,OGCSNGFOR00000019,"Fortune Refined Soya Bean Oil Pouch, 1 Ltr",32,32,READY_TO_DISPATCH
123,AOR2009030013093,PCRPCRBAD00000004,"Bajaj Almond Drop Oil, 50 ml",6,6,READY_TO_DISPATCH
123,AOR2009030014817,OGCSNGMOT00000008,"Moti Mustard Oil Pouch, 1 Ltr",60,60,READY_TO_SHIP
123,AOR2009030014885,BSCBSCYIP00000003,"ITC Yippee Magic Masala Noodles, 60gm",1440,1440,READY_TO_DISPATCH
123,AOR2009030014717,CHCCNFCAD00000005,Cadbury Celebrations Assorted Chocolate Gift Pack 186.6 gm,6,6,READY_TO_DISPATCH
123,AOR2009030014717,GRSGRSUTS00000003,"Uttam Sulphurless Sugar, 1 Kg",25,25,READY_TO_DISPATCH
123,AOR2009030014810,BICPROPAR00000014,Parle G 800 Gm,6,6,READY_TO_DISPATCH
123,AOR2009030014810,SHMHARDOV00000016,DOVE IRT SHPO 340ML,5,5,READY_TO_DISPATCH
123,AOR2009030014810,IFDPROLAC00000001,"LACTOGEN Stage 2 Follow-up Infant Formula  Box, 400gm",3,3,READY_TO_DISPATCH
123,AOR2009030014837,OGCSNGMOT00000008,"Moti Mustard Oil Pouch, 1 Ltr",60,60,READY_TO_SHIP
123,AOR2009030013835,PCRPCRPRS00000004,Pears Pure & Gentle Soap 75gm + 25 gm Free,0,0,READY_TO_DISPATCH
123,AOR2009030013835,OGCSNGFOR00000046,"Fortune Kachi Ghani Mustard Pet, 1 Ltr",12,12,READY_TO_DISPATCH
123,AOR2009030013835,RGRFGNFOR00000004,"Fortune Mini Mogra II Basmati Rice, 5 Kg",1,1,READY_TO_DISPATCH
123,AOR2009030013835,SSJSNGTSL00000003,"Tata Salt,1 kg Mrp 21",50,50,READY_TO_DISPATCH
123,AOR2009030013835,NDPPROMAG00000023,"MAGGI 2-MIN Masala Noodles, 420gm",4,4,READY_TO_DISPATCH
123,AOR2009030013835,BSCBSCYIP00000003,"ITC Yippee Magic Masala Noodles, 60gm",24,24,READY_TO_DISPATCH
123,AOR2009030013835,SASPROTOP00000034,"Tops Red Chilli Souce, 1.15 Kg",1,1,READY_TO_DISPATCH
123,AOR2009030013835,PKPPROTOP00000097,Tops Soya Souce 240 gm,1,1,READY_TO_DISPATCH
123,AOR2009030013835,PCRPCRHNC00000003,"Hair & Care Fruit Oils Green, 50 ml",3,3,READY_TO_DISPATCH
123,AOR2009030013835,OGCSNGPAR00000003,"Parivar Mustard Oil Pet, 500ml",0,0,READY_TO_DISPATCH
123,AOR2009030013835,OGCSNGPAR00000009,"Parivar Mustard Oil Pet, 2Ltr",0,0,READY_TO_DISPATCH
123,AOR2009030013835,OGCSNGPAR00000008,"Parivar Mustard Oil Pet, 1Lt",12,12,READY_TO_DISPATCH
123,AOR2009030013835,BREBREEVD00000001,"EVERYDAY Dairy Whitner Powder, 20gm",12,12,READY_TO_DISPATCH
123,AOR2009030013835,TNCPDMNCF00000002,"Nescafe Classic Dawn Jar, 50 gm",1,1,READY_TO_DISPATCH
123,AOR2009030013835,PLBSNGNUT00000002,"Nutrela Soya Bari Mini Chunks, 45 gm + 20% Extra Free",30,30,READY_TO_DISPATCH
123,AOR2009030013835,NDPPROPAT00000005,Patanjali Atta Noodles Chatpata 60 gm,6,6,READY_TO_DISPATCH
123,AOR2009030013835,LQCHNKCOM00000004,Comfort Fabric Conditioner Lily fresh 220ml,1,1,READY_TO_DISPATCH
123,AOR2009030013835,OGCSNGFOR00000019,"Fortune Refined Soya Bean Oil Pouch, 1 Ltr",16,16,READY_TO_DISPATCH
123,AOR2009030014822,OGCSNGMOT00000008,"Moti Mustard Oil Pouch, 1 Ltr",120,120,READY_TO_DISPATCH
123,AOR2009030014730,PLBSNGRAJ00000162,Rajdhani Chana Dal 1 Kg,10,10,READY_TO_DISPATCH
123,AOR2009030014730,PLBSNGLDA00000032,"Arhar Dal Lemon, 30 Kg",1,1,READY_TO_DISPATCH
123,AOR2009030014730,HOKHOKGPO00000002,"GHARI DETERGENT POWDER, 500 GM",12,12,READY_TO_DISPATCH
123,AOR2009030014832,OGCSNGMOT00000008,"Moti Mustard Oil Pouch, 1 Ltr",120,120,READY_TO_SHIP
123,AOR2009030014846,LQDBNCTNG00000001,Tang Orange Flavor 500 gm,0,0,READY_TO_DISPATCH
123,AOR2009030014846,TEABEVTTE00000006,Tata Tea Premium 500Gm,6,6,READY_TO_DISPATCH
123,AOR2009030014846,OGCSNGFOR00000019,"Fortune Refined Soya Bean Oil Pouch, 1 Ltr",16,16,READY_TO_DISPATCH
123,AOR2009030014878,JMTBNCMAZ00000003,Maaza Mango Drink Pet Bottle 600 ml,24,24,READY_TO_DISPATCH
123,AOR2009030014878,BEVBEVMDE00000012,"Mountain Dew, 750 ml",24,24,READY_TO_DISPATCH
123,AOR2009030014878,CBDBNCTHU00000001,"Thums Up, 2 Ltr",9,9,READY_TO_DISPATCH
123,AOR2009030014457,OGCSNGFOR00000046,"Fortune Kachi Ghani Mustard Pet, 1 Ltr",12,12,READY_TO_SHIP
123,AOR2009030014457,OGCSNGAMU00000010,"Amul Ghee Tetra, 1 Ltr",10,10,READY_TO_SHIP
123,AOR2009030014457,BSCBSCYIP00000003,"ITC Yippee Magic Masala Noodles, 60gm",60,60,READY_TO_SHIP
123,AOR2009030012992,TEABEVTTE00000006,Tata Tea Premium 500Gm,12,12,READY_TO_DISPATCH
123,AOR2009030012992,FGNSPLNUT00000003,"Nutrela Soya Chunks, 200 gm (Box)",6,6,READY_TO_DISPATCH
123,AOR2009030014783,BDCHPCGNO00000003,"Godrej No.1 Saffron and Milk Cream Soap, 100g (Buy 4 Get 1 Free)",20,20,READY_TO_DISPATCH
123,AOR2009030014783,OGCSNGFOR00000019,"Fortune Refined Soya Bean Oil Pouch, 1 Ltr",32,32,READY_TO_DISPATCH
123,AOR2009030014842,OGCSNGMOT00000008,"Moti Mustard Oil Pouch, 1 Ltr",420,420,READY_TO_SHIP
123,BOR2009030000188,OGCSNGTIL00000001,"Tilmoti Til Oil, 1 Ltr",60,60,READY_TO_SHIP
123,BOR2009030000188,SSJSNGTSL00000003,"Tata Salt,1 kg Mrp 21",250,250,READY_TO_SHIP
123,AOR2009030013734,BEVBEVMIR00000006,"Mirinda, 2.25 Ltr",9,9,READY_TO_SHIP
123,AOR2009030013734,BSCBSCYIP00000003,"ITC Yippee Magic Masala Noodles, 60gm",288,288,READY_TO_SHIP
123,AOR2009030013734,NDPPROBAM00000001,"Bambino Macaroni Elbow, 850 gm",2,2,READY_TO_SHIP
123,AOR2009030013734,NDPPROCHG00000016,"Chings Schezwan Fried Rice Masala, 20 gm",10,10,READY_TO_SHIP
123,AOR2009030013734,PROPROMAG00000010,Maggi 2 Minutes Masala Noodles 560Gm,3,3,READY_TO_SHIP
123,AOR2009030013734,OGCSNGPAT00000008,"Patanjali Cow Ghee Tetra, 1Ltr + Patanjali Sabji Masala, 100 gm FREE",1,1,READY_TO_SHIP
123,AOR2009030013734,CBDBNCLIM00000002,"Limca, 2 Ltr",9,9,READY_TO_SHIP
123,AOR2009030014792,BEVBEVTAZ00000005,"Taaza Tea, 15 gm",2,2,READY_TO_SHIP
123,AOR2009030014792,PHGHPCBND00000001,"Band Aid washproof Antiseptic, 100 N + 30 N FREE",1,1,READY_TO_SHIP
123,AOR2009030014792,PCRPCRSWT00000008,"Set Wet Ultimate Hold Hair Gel, 10 ml",12,12,READY_TO_SHIP
123,AOR2009030014792,BEVBEVORB00000004,"Orbit Mixed Fruit Gum, 4.4 gm",32,32,READY_TO_SHIP
123,AOR2009030014792,BDCHPCGNO00000003,"Godrej No.1 Saffron and Milk Cream Soap, 100g (Buy 4 Get 1 Free)",1,1,READY_TO_SHIP
123,AOR2009030014792,HNKHNKSRF00000001,"Surf Excel Bar, 150 gm",100,100,READY_TO_SHIP
123,AOR2009030014841,GHESNGGOW00000002,"Gowardhan Ghee Jar, 500ml",4,4,READY_TO_SHIP
123,AOR2009030014841,GHESNGGOW00000001,"Gowardhan Ghee Jar, 1 Litre",2,2,READY_TO_SHIP
123,AOR2009030014841,SCSSNGMDH00000010,"MDH Super Compounded Hing Powder, 10g",3,3,READY_TO_SHIP
123,AOR2009030014841,OGCSNGFOR00000019,"Fortune Refined Soya Bean Oil Pouch, 1 Ltr",16,16,READY_TO_SHIP
123,AOR2009030014841,GRSGRSSOI00000012,"Saffola Gold Pouch, 1 Ltr",20,20,READY_TO_SHIP
123,AOR2009030014780,BTSBDCLUX00000030,"Lux Jasmine Bloom Soap, 100 gm",12,12,READY_TO_DISPATCH
123,AOR2009030014780,PCRPCRFAL00000003,"Fair & Lovely Mulivitamin, 4.5gm",10,10,READY_TO_DISPATCH
123,AOR2009030014780,HOKHOKGPO00000002,"GHARI DETERGENT POWDER, 500 GM",12,12,READY_TO_DISPATCH
123,AOR2009030014780,SHMHARCLI00000001,"Clinic Plus Shampoo,6 ML with 50% extra",160,160,READY_TO_DISPATCH
123,AOR2009030014780,HFWBDCLIF00000019,Lifebuoy Total 10 Handwash 185 ml (Pack Of 3),2,2,READY_TO_DISPATCH
123,AOR2009030014780,ALFSNGAAS00000002,"Aashirvaad Shudh Chakki Atta, 10 Kg",10,10,READY_TO_DISPATCH
123,AOR2009030014883,PLBSNGLOC00000035,ECO ARHAR DAL 1 KG,3,3,READY_TO_DISPATCH
123,AOR2009030014883,OGCSNGFOR00000019,"Fortune Refined Soya Bean Oil Pouch, 1 Ltr",32,32,READY_TO_DISPATCH
123,AOR2009030014831,JMTBNCMAZ00000003,Maaza Mango Drink Pet Bottle 600 ml,24,24,READY_TO_DISPATCH
123,AOR2009030014831,BEVBEVCOC00000011,"Coke, 750 ml",24,24,READY_TO_DISPATCH
123,AOR2009030014831,SSJSNGTSL00000003,"Tata Salt,1 kg Mrp 21",50,50,READY_TO_DISPATCH
